Order_ID,Date,City,Product_Name,Category,Quantity,Unit_Price,Total_Sales,Delivery_Time,Customer_Rating,Payment_Mode,Delivery_Type,Seller_Name
1001,2024-04-28,Delhi,Wheat Flour 1kg,Dairy,5,50.0,250.0,43,4.0,Cash,Standard,FreshFarm
1002,2024-06-09,Delhi,Sugar 1kg,Grocery,3,60.0,180.0,58,4.5,UPI,Standard,BakeHouse
1003,2024-01-12,Pune,Cake 500g,Vegetables,4,70.0,280.0,90,4.5,Card,Express,FreshFarm
1004,2024-06-18,Bengaluru,Onion 1kg,Vegetables,2,55.0,110.0,43,4.7,UPI,Express,GroceryHub
1005,2024-05-15,Jaipur,Banana 1dozen,Grocery,3,100.0,300.0,36,4.0,UPI,Express,FarmFresh
1006,2024-05-03,Mumbai,Rice 1kg,Grocery,4,40.0,160.0,34,4.5,Cash,Standard,GreenCart
1007,2024-05-27,Delhi,Namkeen 500g,Snacks,2,85.0,170.0,41,3.5,UPI,Express,SnackBox
1008,2024-03-27,Delhi,Milk 1L,Bakery,3,55.0,165.0,38,4.2,Cash,Express,FreshFarm
1009,2024-01-27,Delhi,Namkeen 500g,Fruits,5,40.0,200.0,55,4.9,Cash,Standard,FarmFresh
1010,2024-05-19,Bengaluru,Onion 1kg,Dairy,5,50.0,250.0,75,4.5,UPI,Standard,BakeHouse
1012,2024-05-28,Jaipur,Chips 200g,Vegetables,4,80.0,320.0,77,4.9,Cash,Express,FreshFarm
1013,2024-04-12,Mumbai,Paneer 200g,Dairy,3,30.0,90.0,75,4.7,Cash,Express,FreshFarm
1015,2024-04-01,Jaipur,Apple 1kg,Vegetables,4,50.0,200.0,29,4.5,Cash,Standard,SnackBox
1016,2024-04-24,Bengaluru,Tomato 1kg,Snacks,4,40.0,160.0,80,3.5,Cash,Standard,FarmFresh
1018,2024-02-26,Bengaluru,Chicken 1kg,Dairy,5,45.0,225.0,66,4.9,Cash,Express,GreenCart
1019,2024-06-24,Jaipur,Onion 1kg,Vegetables,2,70.0,140.0,58,4.8,Cash,Standard,BakeHouse
1020,2024-05-04,Delhi,Cookies 300g,Dairy,2,70.0,140.0,29,4.9,UPI,Standard,FreshFarm
1021,2024-02-17,Bengaluru,Banana 1dozen,Fruits,2,55.0,110.0,46,4.5,UPI,Express,SnackBox
1022,2024-03-12,Pune,Orange 1kg,Grocery,2,50.0,100.0,35,4.5,Card,Standard,FarmFresh
1023,2024-03-27,Pune,Apple 1kg,Snacks,2,85.0,170.0,44,4.5,Cash,Express,FarmFresh
1024,2024-04-19,Bengaluru,Orange 1kg,Grocery,5,50.0,250.0,77,4.7,Cash,Express,GreenCart
1025,2024-04-03,Mumbai,Onion 1kg,Poultry,4,85.0,340.0,90,4.2,Cash,Express,FarmFresh
1026,2024-06-02,Mumbai,Namkeen 500g,Dairy,5,70.0,350.0,52,4.5,Cash,Standard,BakeHouse
1027,2024-01-13,Mumbai,Cake 500g,Dairy,3,80.0,240.0,83,4.5,Cash,Standard,FarmFresh
1029,2024-01-01,Mumbai,Chips 200g,Dairy,3,80.0,240.0,87,4.0,Cash,Express,GreenCart
1030,2024-05-27,Bengaluru,Chicken 1kg,Snacks,3,30.0,90.0,76,4.2,UPI,Express,GreenCart
1031,2024-04-11,Jaipur,Tomato 1kg,Vegetables,3,80.0,240.0,34,4.5,Cash,Express,FarmFresh
1032,2024-03-03,Pune,Curd 500g,Poultry,3,55.0,165.0,78,4.9,UPI,Express,SnackBox
1033,2024-06-25,Bengaluru,Potato 1kg,Grocery,5,60.0,300.0,49,4.5,UPI,Express,FarmFresh
1034,2024-01-19,Pune,Paneer 200g,Grocery,4,45.0,180.0,73,4.2,UPI,Express,FarmFresh
1035,2024-02-27,Bengaluru,Namkeen 500g,Bakery,2,80.0,160.0,34,4.9,Card,Standard,FarmFresh
1037,2024-04-01,Delhi,Bread 400g,Dairy,3,55.0,165.0,30,4.9,UPI,Standard,FarmFresh
1038,2024-03-12,Delhi,Orange 1kg,Poultry,2,50.0,100.0,47,4.7,UPI,Express,GreenCart
1039,2024-04-14,Delhi,Curd 500g,Grocery,4,40.0,160.0,42,4.2,Card,Standard,FreshFarm
1040,2024-01-31,Delhi,Chips 200g,Dairy,1,80.0,80.0,86,3.5,UPI,Standard,FreshFarm
1041,2024-02-25,Jaipur,Chips 200g,Dairy,4,70.0,280.0,61,4.8,UPI,Standard,GreenCart
1042,2024-01-23,Jaipur,Cake 500g,Grocery,4,80.0,320.0,90,4.2,Cash,Express,GreenCart
1043,2024-05-03,Pune,Bread 400g,Snacks,3,100.0,300.0,83,4.5,Cash,Standard,BakeHouse
1044,2024-04-05,Delhi,Cake 500g,Dairy,4,70.0,280.0,25,3.5,Cash,Express,GroceryHub
1045,2024-02-04,Pune,Curd 500g,Dairy,4,30.0,120.0,81,4.7,Cash,Standard,GreenCart
1046,2024-05-28,Delhi,Curd 500g,Snacks,2,70.0,140.0,55,4.5,UPI,Standard,GroceryHub
1047,2024-06-05,Mumbai,Banana 1dozen,Dairy,5,55.0,275.0,73,4.0,UPI,Standard,FarmFresh
1048,2024-04-03,Bengaluru,Wheat Flour 1kg,Bakery,1,100.0,100.0,52,4.7,Card,Express,FarmFresh
1049,2024-01-16,Bengaluru,Chips 200g,Grocery,1,50.0,50.0,41,4.0,UPI,Standard,FarmFresh
1050,2024-02-02,Mumbai,Bun 2pcs,Dairy,3,70.0,210.0,76,4.0,Cash,Standard,BakeHouse
1051,2024-02-26,Jaipur,Curd 500g,Fruits,5,40.0,200.0,40,4.5,UPI,Express,FreshFarm
1052,2024-01-08,Mumbai,Chips 200g,Fruits,3,85.0,255.0,55,4.2,UPI,Standard,FarmFresh
1053,2024-03-23,Mumbai,Potato 1kg,Bakery,1,30.0,30.0,35,4.5,UPI,Standard,BakeHouse
1054,2024-04-23,Delhi,Banana 1dozen,Vegetables,1,100.0,100.0,49,4.8,UPI,Express,GroceryHub
1055,2024-01-15,Mumbai,Rice 1kg,Bakery,2,50.0,100.0,56,3.5,Card,Express,GreenCart
1057,2024-01-26,Bengaluru,Bread 400g,Dairy,4,45.0,180.0,80,4.0,UPI,Standard,GreenCart
1058,2024-05-17,Jaipur,Chicken 1kg,Bakery,2,80.0,160.0,27,4.5,Cash,Standard,GroceryHub
1059,2024-04-21,Delhi,Curd 500g,Fruits,5,50.0,250.0,79,4.5,UPI,Express,BakeHouse
1060,2024-02-14,Bengaluru,Sugar 1kg,Vegetables,2,70.0,140.0,58,4.2,Cash,Standard,GreenCart
1061,2024-04-11,Delhi,Orange 1kg,Grocery,2,60.0,120.0,71,4.8,Cash,Express,GroceryHub
1062,2024-04-13,Delhi,Eggs 6pcs,Vegetables,3,70.0,210.0,81,4.5,UPI,Standard,GroceryHub
1063,2024-02-29,Pune,Rice 1kg,Snacks,2,45.0,90.0,62,4.2,Card,Express,GreenCart
1064,2024-05-31,Delhi,Wheat Flour 1kg,Snacks,2,50.0,100.0,37,4.2,Cash,Standard,SnackBox
1065,2024-04-02,Delhi,Banana 1dozen,Dairy,1,80.0,80.0,37,4.9,Cash,Express,FreshFarm
1066,2024-06-05,Pune,Chicken 1kg,Fruits,2,55.0,110.0,68,3.5,UPI,Express,GreenCart
1067,2024-05-15,Bengaluru,Tomato 1kg,Bakery,3,55.0,165.0,84,4.9,Cash,Standard,GroceryHub
1068,2024-05-15,Pune,Tomato 1kg,Poultry,2,50.0,100.0,55,3.5,Cash,Express,BakeHouse
1069,2024-03-23,Delhi,Eggs 6pcs,Grocery,4,55.0,220.0,83,4.5,Card,Express,GroceryHub
1070,2024-05-19,Delhi,Potato 1kg,Grocery,1,100.0,100.0,48,4.5,UPI,Express,GreenCart
1071,2024-03-23,Bengaluru,Paneer 200g,Snacks,4,70.0,280.0,38,4.5,UPI,Express,FreshFarm
1072,2024-01-03,Pune,Bun 2pcs,Poultry,1,85.0,85.0,70,3.5,Cash,Standard,FreshFarm
1073,2024-05-03,Delhi,Tomato 1kg,Snacks,5,55.0,275.0,71,4.5,Cash,Standard,SnackBox
1074,2024-03-09,Mumbai,Cookies 300g,Fruits,1,45.0,45.0,35,4.9,Card,Standard,FreshFarm
1075,2024-06-07,Bengaluru,Namkeen 500g,Dairy,4,40.0,160.0,82,4.7,UPI,Express,FarmFresh
1076,2024-01-01,Pune,Bun 2pcs,Dairy,1,30.0,30.0,85,3.5,Cash,Express,FarmFresh
1077,2024-03-30,Pune,Chips 200g,Dairy,3,30.0,90.0,63,4.5,UPI,Standard,GroceryHub
1078,2024-01-09,Mumbai,Orange 1kg,Fruits,1,100.0,100.0,47,4.5,UPI,Express,FreshFarm
1079,2024-04-27,Jaipur,Chicken 1kg,Grocery,3,50.0,150.0,55,4.5,UPI,Express,GroceryHub
1080,2024-02-12,Jaipur,Potato 1kg,Poultry,2,70.0,140.0,32,4.5,Card,Standard,FarmFresh
1081,2024-04-28,Bengaluru,Potato 1kg,Poultry,5,70.0,350.0,36,4.5,UPI,Standard,GroceryHub
1082,2024-06-17,Bengaluru,Apple 1kg,Vegetables,5,45.0,225.0,55,4.2,Card,Standard,GreenCart
1083,2024-03-11,Bengaluru,Wheat Flour 1kg,Grocery,3,80.0,240.0,45,4.7,UPI,Standard,GroceryHub
1084,2024-06-11,Mumbai,Wheat Flour 1kg,Fruits,2,85.0,170.0,73,4.7,UPI,Standard,GreenCart
1085,2024-05-22,Delhi,Bread 400g,Grocery,1,45.0,45.0,76,4.0,Cash,Standard,GreenCart
1087,2024-05-12,Delhi,Sugar 1kg,Dairy,5,50.0,250.0,64,4.5,UPI,Standard,FreshFarm
1088,2024-03-02,Pune,Apple 1kg,Bakery,2,30.0,60.0,29,4.5,Card,Standard,BakeHouse
1089,2024-06-03,Bengaluru,Sugar 1kg,Dairy,5,100.0,500.0,76,4.5,Card,Standard,SnackBox
1090,2024-06-10,Mumbai,Eggs 6pcs,Grocery,4,100.0,400.0,88,4.2,Cash,Express,GroceryHub
1091,2024-01-11,Jaipur,Cake 500g,Vegetables,3,100.0,300.0,36,4.7,Cash,Express,FreshFarm
1092,2024-05-16,Bengaluru,Bread 400g,Dairy,3,80.0,240.0,44,4.5,Card,Standard,SnackBox
1093,2024-03-15,Jaipur,Paneer 200g,Vegetables,4,70.0,280.0,88,4.5,Cash,Standard,BakeHouse
1094,2024-04-16,Bengaluru,Apple 1kg,Vegetables,3,50.0,150.0,61,4.0,Cash,Express,BakeHouse
1095,2024-05-03,Delhi,Apple 1kg,Grocery,1,50.0,50.0,65,4.5,Card,Express,SnackBox
1097,2024-01-05,Jaipur,Banana 1dozen,Snacks,3,70.0,210.0,69,4.5,Cash,Express,FarmFresh
1098,2024-04-03,Delhi,Onion 1kg,Vegetables,5,55.0,275.0,76,4.5,Cash,Express,GroceryHub
1100,2024-03-18,Bengaluru,Chicken 1kg,Grocery,4,50.0,200.0,88,3.5,Cash,Express,FarmFresh
1101,2024-03-03,Mumbai,Cake 500g,Grocery,1,60.0,60.0,69,4.5,UPI,Express,GroceryHub
1102,2024-01-02,Jaipur,Bun 2pcs,Dairy,3,85.0,255.0,72,3.5,Card,Express,BakeHouse
1103,2024-03-20,Mumbai,Orange 1kg,Vegetables,1,45.0,45.0,80,4.2,Cash,Standard,FreshFarm
1104,2024-06-04,Jaipur,Eggs 6pcs,Grocery,3,55.0,165.0,67,4.5,Cash,Standard,GroceryHub
1105,2024-02-13,Mumbai,Curd 500g,Vegetables,2,55.0,110.0,76,4.5,Card,Standard,FarmFresh
1106,2024-02-29,Delhi,Milk 1L,Dairy,3,45.0,135.0,63,4.5,UPI,Express,GreenCart
1108,2024-03-28,Bengaluru,Eggs 6pcs,Snacks,3,100.0,300.0,75,4.9,Cash,Standard,BakeHouse
1109,2024-05-30,Bengaluru,Tomato 1kg,Dairy,4,70.0,280.0,74,3.5,UPI,Standard,SnackBox
1110,2024-03-09,Bengaluru,Chips 200g,Vegetables,2,45.0,90.0,30,4.7,UPI,Express,SnackBox
1111,2024-01-28,Pune,Apple 1kg,Poultry,1,85.0,85.0,82,4.9,UPI,Standard,GroceryHub
1112,2024-06-21,Bengaluru,Curd 500g,Poultry,1,40.0,40.0,29,4.5,UPI,Standard,FreshFarm
1113,2024-01-22,Jaipur,Curd 500g,Poultry,4,50.0,200.0,75,3.5,Cash,Express,FreshFarm
1114,2024-01-15,Jaipur,Namkeen 500g,Grocery,5,40.0,200.0,55,4.5,Cash,Standard,FreshFarm
1115,2024-06-26,Jaipur,Banana 1dozen,Vegetables,4,50.0,200.0,86,4.5,UPI,Express,GreenCart
1116,2024-06-12,Delhi,Orange 1kg,Grocery,5,100.0,500.0,39,4.5,Cash,Express,SnackBox
1118,2024-01-27,Bengaluru,Milk 1L,Grocery,4,30.0,120.0,69,4.2,Cash,Express,GreenCart
1119,2024-01-29,Bengaluru,Potato 1kg,Grocery,3,45.0,135.0,60,4.5,UPI,Standard,BakeHouse
1120,2024-05-01,Delhi,Chips 200g,Dairy,3,100.0,300.0,84,4.2,Cash,Standard,BakeHouse
1121,2024-04-15,Mumbai,Bread 400g,Dairy,4,80.0,320.0,54,4.8,Cash,Express,FreshFarm
1122,2024-04-24,Delhi,Bread 400g,Grocery,4,40.0,160.0,45,4.8,Cash,Express,BakeHouse
1123,2024-02-16,Mumbai,Bun 2pcs,Snacks,4,70.0,280.0,76,4.7,UPI,Standard,GreenCart
1124,2024-06-18,Bengaluru,Bread 400g,Snacks,4,40.0,160.0,42,4.5,UPI,Standard,GreenCart
1125,2024-03-15,Pune,Rice 1kg,Dairy,2,45.0,90.0,53,4.2,UPI,Express,BakeHouse
1126,2024-02-23,Delhi,Cookies 300g,Dairy,4,100.0,400.0,30,4.8,UPI,Express,FreshFarm
1127,2024-01-12,Bengaluru,Paneer 200g,Poultry,2,50.0,100.0,60,4.7,UPI,Express,FarmFresh
1128,2024-06-22,Delhi,Banana 1dozen,Vegetables,4,80.0,320.0,52,4.9,UPI,Express,GroceryHub
1129,2024-03-26,Jaipur,Milk 1L,Poultry,4,85.0,340.0,47,4.5,UPI,Express,FarmFresh
1130,2024-05-18,Delhi,Potato 1kg,Snacks,2,55.0,110.0,25,4.8,Cash,Standard,GreenCart
1131,2024-02-18,Jaipur,Milk 1L,Vegetables,5,45.0,225.0,52,4.5,UPI,Standard,SnackBox
1132,2024-06-12,Jaipur,Cake 500g,Grocery,5,80.0,400.0,70,4.9,Cash,Standard,GroceryHub
1133,2024-02-22,Jaipur,Apple 1kg,Grocery,1,40.0,40.0,30,4.0,Cash,Express,GreenCart
1134,2024-02-26,Bengaluru,Wheat Flour 1kg,Grocery,1,40.0,40.0,38,4.7,UPI,Standard,BakeHouse
1135,2024-03-21,Jaipur,Sugar 1kg,Grocery,4,30.0,120.0,72,4.2,Cash,Express,GreenCart
1136,2024-04-11,Delhi,Bread 400g,Grocery,2,50.0,100.0,27,4.9,UPI,Standard,GroceryHub
1137,2024-04-17,Jaipur,Bun 2pcs,Poultry,3,100.0,300.0,86,4.5,UPI,Standard,GreenCart
1138,2024-02-16,Delhi,Bun 2pcs,Vegetables,5,70.0,350.0,67,4.8,Cash,Standard,BakeHouse
1139,2024-04-26,Delhi,Orange 1kg,Dairy,5,40.0,200.0,37,4.2,UPI,Standard,GroceryHub
1140,2024-04-21,Bengaluru,Onion 1kg,Snacks,2,70.0,140.0,58,4.5,Cash,Express,BakeHouse
1141,2024-01-01,Bengaluru,Potato 1kg,Dairy,3,80.0,240.0,47,4.2,Card,Standard,GreenCart
1142,2024-05-10,Pune,Cake 500g,Fruits,2,55.0,110.0,57,4.2,Cash,Standard,FarmFresh
1143,2024-02-29,Pune,Chicken 1kg,Poultry,5,70.0,350.0,36,4.9,UPI,Standard,BakeHouse
1144,2024-06-07,Jaipur,Rice 1kg,Dairy,3,85.0,255.0,64,4.0,Cash,Express,FreshFarm
1145,2024-05-31,Pune,Bread 400g,Dairy,2,100.0,200.0,33,3.5,Card,Standard,GreenCart
1146,2024-01-12,Bengaluru,Banana 1dozen,Bakery,2,50.0,100.0,46,4.5,Card,Standard,BakeHouse
1147,2024-05-21,Mumbai,Cookies 300g,Poultry,5,100.0,500.0,67,4.9,UPI,Standard,FreshFarm
1149,2024-02-03,Delhi,Milk 1L,Dairy,2,50.0,100.0,71,4.9,UPI,Standard,SnackBox
1150,2024-01-15,Delhi,Wheat Flour 1kg,Dairy,4,80.0,320.0,80,4.5,Cash,Standard,SnackBox
1151,2024-02-21,Bengaluru,Namkeen 500g,Bakery,5,30.0,150.0,80,4.5,Cash,Standard,SnackBox
1152,2024-05-20,Mumbai,Milk 1L,Poultry,3,55.0,165.0,68,4.9,Card,Express,FarmFresh
1154,2024-05-20,Mumbai,Orange 1kg,Bakery,3,80.0,240.0,42,4.5,Cash,Express,GroceryHub
1157,2024-02-17,Bengaluru,Onion 1kg,Grocery,4,60.0,240.0,48,4.5,UPI,Express,FarmFresh
1158,2024-03-09,Mumbai,Sugar 1kg,Grocery,2,30.0,60.0,69,4.2,UPI,Standard,GreenCart
1159,2024-06-02,Bengaluru,Milk 1L,Grocery,5,30.0,150.0,53,4.5,Cash,Standard,FreshFarm
1160,2024-05-24,Delhi,Bread 400g,Bakery,4,80.0,320.0,59,4.5,Cash,Express,GreenCart
1161,2024-01-25,Bengaluru,Paneer 200g,Dairy,5,45.0,225.0,34,4.8,UPI,Standard,FreshFarm
1162,2024-02-25,Bengaluru,Chips 200g,Fruits,3,50.0,150.0,38,4.7,Cash,Standard,BakeHouse
1163,2024-02-27,Bengaluru,Cookies 300g,Grocery,5,40.0,200.0,68,4.2,Cash,Standard,FarmFresh
1164,2024-06-17,Jaipur,Rice 1kg,Vegetables,1,40.0,40.0,32,4.5,UPI,Standard,GreenCart
1165,2024-06-17,Jaipur,Eggs 6pcs,Vegetables,3,45.0,135.0,49,4.5,Card,Express,FarmFresh
1166,2024-06-24,Mumbai,Apple 1kg,Snacks,1,70.0,70.0,29,4.5,UPI,Standard,SnackBox
1167,2024-05-30,Delhi,Potato 1kg,Bakery,4,80.0,320.0,58,4.9,Cash,Standard,GreenCart
1168,2024-02-17,Delhi,Chicken 1kg,Poultry,2,50.0,100.0,76,4.8,Cash,Express,BakeHouse
1169,2024-04-24,Jaipur,Bun 2pcs,Vegetables,4,45.0,180.0,89,4.5,UPI,Standard,SnackBox
1170,2024-02-02,Mumbai,Chicken 1kg,Dairy,5,80.0,400.0,42,4.9,UPI,Standard,FarmFresh
1171,2024-06-07,Delhi,Chips 200g,Grocery,5,70.0,350.0,71,4.9,Cash,Express,SnackBox
1172,2024-05-04,Mumbai,Rice 1kg,Vegetables,1,55.0,55.0,58,4.7,Cash,Standard,GroceryHub
1175,2024-03-22,Bengaluru,Eggs 6pcs,Poultry,3,40.0,120.0,41,4.0,Cash,Express,GroceryHub
1176,2024-01-07,Mumbai,Paneer 200g,Poultry,4,50.0,200.0,53,4.5,UPI,Standard,FreshFarm
1177,2024-01-12,Jaipur,Namkeen 500g,Dairy,5,55.0,275.0,44,4.2,Cash,Standard,GroceryHub
1179,2024-03-07,Bengaluru,Rice 1kg,Dairy,2,30.0,60.0,28,4.2,UPI,Standard,FreshFarm
1180,2024-01-19,Delhi,Orange 1kg,Poultry,3,100.0,300.0,28,4.5,UPI,Express,BakeHouse
1181,2024-02-03,Delhi,Cookies 300g,Grocery,3,80.0,240.0,65,4.5,Cash,Standard,SnackBox
1182,2024-02-10,Mumbai,Tomato 1kg,Poultry,2,55.0,110.0,83,4.5,Cash,Standard,SnackBox
1183,2024-03-07,Jaipur,Potato 1kg,Grocery,5,45.0,225.0,62,4.2,UPI,Standard,GreenCart
1184,2024-03-02,Pune,Cookies 300g,Grocery,5,70.0,350.0,63,3.5,Card,Standard,BakeHouse
1186,2024-06-23,Delhi,Namkeen 500g,Vegetables,3,40.0,120.0,35,4.5,Card,Express,BakeHouse
1187,2024-01-22,Delhi,Namkeen 500g,Fruits,2,50.0,100.0,75,4.5,Card,Express,FreshFarm
1188,2024-02-16,Delhi,Bread 400g,Grocery,2,40.0,80.0,50,3.5,UPI,Standard,GreenCart
1189,2024-06-25,Bengaluru,Cookies 300g,Fruits,2,50.0,100.0,42,4.9,Cash,Standard,GreenCart
1190,2024-03-11,Delhi,Tomato 1kg,Dairy,2,100.0,200.0,45,4.2,Cash,Express,FarmFresh
1191,2024-05-10,Bengaluru,Rice 1kg,Dairy,1,80.0,80.0,61,4.2,Cash,Standard,GroceryHub
1192,2024-05-16,Mumbai,Apple 1kg,Fruits,2,85.0,170.0,75,4.7,Cash,Express,SnackBox
1193,2024-04-05,Bengaluru,Curd 500g,Vegetables,5,40.0,200.0,90,4.5,Card,Express,FreshFarm
1194,2024-06-11,Bengaluru,Bun 2pcs,Grocery,2,70.0,140.0,36,4.8,Cash,Standard,SnackBox
1195,2024-03-23,Jaipur,Onion 1kg,Grocery,5,85.0,425.0,49,4.8,Cash,Standard,BakeHouse
1196,2024-02-15,Pune,Chicken 1kg,Fruits,3,50.0,150.0,40,4.9,UPI,Standard,BakeHouse
1197,2024-04-22,Jaipur,Banana 1dozen,Bakery,2,45.0,90.0,82,4.0,UPI,Standard,GreenCart
1198,2024-02-05,Delhi,Chips 200g,Grocery,1,55.0,55.0,41,4.8,UPI,Standard,SnackBox
1199,2024-06-15,Jaipur,Bun 2pcs,Poultry,2,60.0,120.0,25,4.5,UPI,Standard,GreenCart
1200,2024-01-08,Pune,Potato 1kg,Poultry,4,70.0,280.0,66,4.8,Cash,Standard,FreshFarm
1201,2024-01-09,Delhi,Cake 500g,Grocery,1,50.0,50.0,82,4.7,Cash,Standard,BakeHouse
1202,2024-02-10,Mumbai,Sugar 1kg,Vegetables,5,55.0,275.0,51,4.5,Cash,Standard,SnackBox
1203,2024-06-28,Bengaluru,Bread 400g,Dairy,1,30.0,30.0,82,4.7,Cash,Standard,FarmFresh
1204,2024-02-19,Jaipur,Banana 1dozen,Bakery,4,100.0,400.0,36,4.2,Card,Express,FreshFarm
1205,2024-02-05,Delhi,Banana 1dozen,Snacks,5,85.0,425.0,76,4.5,Cash,Express,BakeHouse
1206,2024-02-27,Jaipur,Onion 1kg,Poultry,1,80.0,80.0,25,4.7,Cash,Standard,FarmFresh
1207,2024-06-28,Mumbai,Onion 1kg,Snacks,3,60.0,180.0,87,4.2,UPI,Standard,GreenCart
1208,2024-04-20,Bengaluru,Sugar 1kg,Grocery,2,80.0,160.0,53,4.5,Card,Standard,FreshFarm
1209,2024-02-03,Pune,Chicken 1kg,Snacks,1,70.0,70.0,89,4.8,UPI,Express,BakeHouse
1210,2024-03-26,Pune,Paneer 200g,Snacks,4,85.0,340.0,35,4.8,Cash,Standard,GroceryHub
1211,2024-05-03,Delhi,Rice 1kg,Grocery,1,85.0,85.0,58,4.5,UPI,Express,GroceryHub
1212,2024-01-21,Delhi,Banana 1dozen,Vegetables,2,70.0,140.0,84,4.0,UPI,Express,FarmFresh
1213,2024-06-16,Bengaluru,Bread 400g,Dairy,3,30.0,90.0,48,4.0,Cash,Express,GroceryHub
1214,2024-05-24,Bengaluru,Eggs 6pcs,Snacks,1,45.0,45.0,89,4.2,UPI,Standard,GreenCart
1216,2024-06-23,Pune,Cake 500g,Bakery,5,50.0,250.0,72,3.5,Card,Express,BakeHouse
1217,2024-03-05,Pune,Wheat Flour 1kg,Dairy,1,80.0,80.0,49,4.8,Cash,Standard,SnackBox
1218,2024-01-02,Delhi,Onion 1kg,Bakery,5,80.0,400.0,36,3.5,UPI,Standard,FarmFresh
1219,2024-04-03,Delhi,Cookies 300g,Poultry,2,30.0,60.0,61,4.7,UPI,Express,SnackBox
1220,2024-02-17,Delhi,Namkeen 500g,Bakery,2,100.0,200.0,41,4.5,Card,Express,FarmFresh
1221,2024-06-22,Bengaluru,Apple 1kg,Dairy,5,70.0,350.0,55,4.2,UPI,Express,BakeHouse
1222,2024-03-23,Delhi,Tomato 1kg,Dairy,4,100.0,400.0,60,4.5,UPI,Standard,BakeHouse
1223,2024-06-18,Mumbai,Rice 1kg,Grocery,4,50.0,200.0,84,4.5,Cash,Standard,BakeHouse
1224,2024-01-05,Bengaluru,Sugar 1kg,Grocery,1,85.0,85.0,66,4.9,Cash,Express,GroceryHub
1225,2024-04-21,Jaipur,Banana 1dozen,Dairy,1,40.0,40.0,33,4.8,Card,Express,GroceryHub
1226,2024-02-09,Jaipur,Orange 1kg,Dairy,2,80.0,160.0,68,4.8,Cash,Standard,FarmFresh
1227,2024-02-06,Jaipur,Cake 500g,Grocery,2,85.0,170.0,89,4.2,Cash,Standard,FreshFarm
1228,2024-02-15,Jaipur,Milk 1L,Fruits,4,85.0,340.0,45,4.5,Cash,Express,FreshFarm
1229,2024-05-08,Delhi,Cookies 300g,Poultry,5,85.0,425.0,63,4.7,Card,Express,FreshFarm
1232,2024-05-20,Delhi,Milk 1L,Vegetables,2,70.0,140.0,65,4.8,Card,Express,GroceryHub
1234,2024-02-26,Delhi,Milk 1L,Bakery,2,100.0,200.0,90,4.0,Card,Express,BakeHouse
1235,2024-06-15,Delhi,Sugar 1kg,Dairy,2,40.0,80.0,82,4.2,Cash,Express,GroceryHub
1236,2024-06-06,Jaipur,Cookies 300g,Poultry,2,55.0,110.0,58,4.5,Card,Standard,GroceryHub
1237,2024-04-10,Pune,Bun 2pcs,Grocery,4,45.0,180.0,34,4.7,Cash,Standard,GreenCart
1238,2024-04-25,Pune,Namkeen 500g,Grocery,1,55.0,55.0,46,4.8,Cash,Express,GroceryHub
1239,2024-02-16,Bengaluru,Cake 500g,Snacks,2,100.0,200.0,47,3.5,Card,Standard,BakeHouse
1240,2024-05-15,Delhi,Chips 200g,Dairy,1,40.0,40.0,40,4.5,Cash,Express,GreenCart
1241,2024-04-04,Delhi,Bread 400g,Bakery,1,100.0,100.0,57,4.5,Cash,Express,GreenCart
1243,2024-02-04,Bengaluru,Eggs 6pcs,Grocery,1,100.0,100.0,57,4.2,UPI,Express,SnackBox
1244,2024-02-06,Pune,Paneer 200g,Vegetables,3,60.0,180.0,47,4.5,UPI,Express,FarmFresh
1245,2024-02-14,Pune,Potato 1kg,Fruits,1,45.0,45.0,89,4.8,UPI,Standard,SnackBox
1246,2024-03-23,Pune,Milk 1L,Dairy,2,100.0,200.0,27,4.5,UPI,Express,FreshFarm
1248,2024-03-23,Delhi,Paneer 200g,Dairy,4,45.0,180.0,80,4.5,Cash,Express,FarmFresh
1249,2024-05-06,Delhi,Rice 1kg,Fruits,5,30.0,150.0,42,4.5,Cash,Express,SnackBox
1250,2024-04-24,Bengaluru,Eggs 6pcs,Fruits,5,30.0,150.0,59,4.9,Cash,Standard,FarmFresh
1251,2024-05-07,Pune,Onion 1kg,Vegetables,3,30.0,90.0,81,4.0,UPI,Express,GreenCart
1252,2024-04-15,Bengaluru,Tomato 1kg,Dairy,1,80.0,80.0,25,4.0,Cash,Express,GreenCart
1253,2024-03-08,Bengaluru,Potato 1kg,Snacks,4,70.0,280.0,83,3.5,UPI,Standard,SnackBox
1254,2024-05-28,Mumbai,Eggs 6pcs,Dairy,5,85.0,425.0,32,3.5,UPI,Standard,GroceryHub
1255,2024-04-11,Mumbai,Chicken 1kg,Snacks,2,55.0,110.0,53,4.9,UPI,Express,FarmFresh
1256,2024-05-29,Bengaluru,Wheat Flour 1kg,Grocery,5,45.0,225.0,62,3.5,Card,Express,GroceryHub
1257,2024-05-17,Jaipur,Cookies 300g,Vegetables,2,80.0,160.0,50,4.7,Cash,Standard,FreshFarm
1258,2024-05-27,Pune,Chips 200g,Bakery,3,45.0,135.0,37,4.8,Cash,Express,FreshFarm
1259,2024-05-08,Delhi,Wheat Flour 1kg,Grocery,1,80.0,80.0,28,4.5,Card,Express,SnackBox
1260,2024-04-22,Delhi,Rice 1kg,Grocery,3,85.0,255.0,75,4.8,UPI,Standard,FarmFresh
1261,2024-06-14,Bengaluru,Milk 1L,Fruits,5,30.0,150.0,37,4.0,Cash,Express,BakeHouse
1262,2024-04-15,Jaipur,Sugar 1kg,Snacks,3,80.0,240.0,30,4.0,UPI,Standard,BakeHouse
1263,2024-04-01,Pune,Chicken 1kg,Vegetables,5,40.0,200.0,85,3.5,Cash,Express,SnackBox
1265,2024-01-27,Pune,Bun 2pcs,Bakery,1,70.0,70.0,33,4.9,Cash,Express,FarmFresh
1266,2024-03-01,Bengaluru,Paneer 200g,Bakery,3,55.0,165.0,37,4.9,Cash,Express,FarmFresh
1267,2024-02-11,Delhi,Banana 1dozen,Snacks,1,60.0,60.0,38,4.5,Cash,Standard,FarmFresh
1270,2024-03-25,Mumbai,Chicken 1kg,Grocery,5,100.0,500.0,59,4.0,Card,Standard,FarmFresh
1271,2024-04-14,Bengaluru,Wheat Flour 1kg,Dairy,1,30.0,30.0,32,3.5,Cash,Express,GroceryHub
1272,2024-06-22,Mumbai,Rice 1kg,Poultry,1,50.0,50.0,73,4.0,Cash,Standard,GreenCart
1273,2024-01-31,Mumbai,Paneer 200g,Vegetables,5,55.0,275.0,58,4.2,UPI,Express,BakeHouse
1274,2024-02-25,Jaipur,Cake 500g,Poultry,2,100.0,200.0,76,4.9,UPI,Express,FreshFarm
1275,2024-03-02,Mumbai,Milk 1L,Vegetables,4,80.0,320.0,30,4.0,Cash,Standard,GreenCart
1276,2024-03-29,Delhi,Bun 2pcs,Vegetables,4,85.0,340.0,33,4.7,Cash,Standard,GreenCart
1277,2024-05-04,Bengaluru,Bread 400g,Dairy,2,85.0,170.0,79,4.5,Cash,Express,GreenCart
1278,2024-04-21,Jaipur,Wheat Flour 1kg,Vegetables,1,30.0,30.0,62,4.9,UPI,Standard,FreshFarm
1279,2024-01-27,Jaipur,Chips 200g,Vegetables,4,50.0,200.0,56,4.2,UPI,Express,FreshFarm
1280,2024-02-11,Bengaluru,Tomato 1kg,Dairy,1,40.0,40.0,46,4.8,Cash,Express,SnackBox
1281,2024-03-24,Pune,Sugar 1kg,Dairy,4,45.0,180.0,77,3.5,Cash,Express,SnackBox
1282,2024-04-06,Delhi,Curd 500g,Grocery,1,55.0,55.0,70,4.5,UPI,Standard,GroceryHub
1283,2024-01-29,Pune,Paneer 200g,Snacks,3,45.0,135.0,67,4.5,Cash,Express,BakeHouse
1285,2024-05-30,Delhi,Wheat Flour 1kg,Dairy,5,50.0,250.0,25,4.9,UPI,Standard,FarmFresh
1286,2024-05-15,Pune,Eggs 6pcs,Fruits,3,55.0,165.0,25,4.2,Card,Standard,GreenCart
1287,2024-04-27,Delhi,Curd 500g,Dairy,1,80.0,80.0,68,4.9,UPI,Standard,GreenCart
1288,2024-03-21,Mumbai,Cookies 300g,Vegetables,5,45.0,225.0,69,4.5,Card,Express,GreenCart
1289,2024-05-03,Mumbai,Sugar 1kg,Bakery,5,85.0,425.0,28,4.7,Card,Express,GroceryHub
1290,2024-06-02,Delhi,Cookies 300g,Dairy,1,80.0,80.0,46,4.5,UPI,Express,BakeHouse
1291,2024-02-10,Bengaluru,Bun 2pcs,Poultry,2,45.0,90.0,38,4.5,Card,Express,GreenCart
1292,2024-05-08,Bengaluru,Potato 1kg,Bakery,1,50.0,50.0,68,4.8,UPI,Express,BakeHouse
1293,2024-03-18,Bengaluru,Banana 1dozen,Grocery,5,85.0,425.0,50,4.5,Cash,Express,GreenCart
1294,2024-06-04,Bengaluru,Eggs 6pcs,Fruits,3,80.0,240.0,48,4.8,Cash,Standard,GroceryHub
1295,2024-06-18,Bengaluru,Eggs 6pcs,Vegetables,5,45.0,225.0,39,4.8,Cash,Express,BakeHouse
1297,2024-05-13,Delhi,Onion 1kg,Snacks,5,100.0,500.0,65,4.2,UPI,Express,SnackBox
1298,2024-06-29,Bengaluru,Chips 200g,Vegetables,2,40.0,80.0,63,4.7,UPI,Express,FarmFresh
1299,2024-01-11,Mumbai,Eggs 6pcs,Dairy,2,45.0,90.0,50,4.2,UPI,Standard,SnackBox
1300,2024-06-16,Pune,Namkeen 500g,Grocery,2,45.0,90.0,40,4.0,Cash,Standard,SnackBox
1301,2024-02-06,Pune,Chicken 1kg,Grocery,2,50.0,100.0,39,4.5,Cash,Express,FreshFarm
1302,2024-05-30,Mumbai,Chips 200g,Fruits,2,80.0,160.0,66,4.5,Cash,Standard,GroceryHub
1303,2024-04-26,Pune,Sugar 1kg,Poultry,3,45.0,135.0,55,3.5,Cash,Standard,GreenCart
1305,2024-04-30,Delhi,Cookies 300g,Dairy,3,45.0,135.0,70,4.5,Cash,Standard,GreenCart
1306,2024-04-24,Delhi,Onion 1kg,Poultry,4,70.0,280.0,59,4.9,UPI,Standard,BakeHouse
1307,2024-06-20,Jaipur,Tomato 1kg,Poultry,2,40.0,80.0,53,4.5,UPI,Standard,FreshFarm
1308,2024-03-11,Pune,Wheat Flour 1kg,Dairy,2,50.0,100.0,74,3.5,Cash,Express,BakeHouse
1309,2024-03-08,Pune,Chips 200g,Grocery,4,70.0,280.0,67,4.7,Card,Express,FreshFarm
1310,2024-03-06,Bengaluru,Eggs 6pcs,Grocery,4,50.0,200.0,84,4.0,UPI,Standard,BakeHouse
1311,2024-06-05,Delhi,Potato 1kg,Poultry,2,30.0,60.0,51,4.2,UPI,Standard,GroceryHub
1312,2024-04-17,Delhi,Banana 1dozen,Fruits,1,45.0,45.0,25,4.5,Cash,Express,SnackBox
1313,2024-05-27,Delhi,Orange 1kg,Grocery,1,45.0,45.0,36,4.5,Cash,Express,GroceryHub
1314,2024-06-27,Delhi,Bread 400g,Fruits,4,85.0,340.0,25,4.5,Cash,Express,BakeHouse
1315,2024-01-07,Bengaluru,Apple 1kg,Vegetables,2,55.0,110.0,31,3.5,UPI,Standard,SnackBox
1316,2024-06-25,Bengaluru,Curd 500g,Fruits,4,30.0,120.0,39,4.5,Cash,Express,SnackBox
1317,2024-03-15,Pune,Apple 1kg,Poultry,5,55.0,275.0,60,4.5,Cash,Standard,FarmFresh
1318,2024-01-02,Bengaluru,Banana 1dozen,Bakery,1,40.0,40.0,46,4.5,UPI,Standard,GroceryHub
1319,2024-03-08,Jaipur,Chicken 1kg,Dairy,1,70.0,70.0,48,4.9,Cash,Standard,GreenCart
1320,2024-03-05,Bengaluru,Bun 2pcs,Snacks,5,60.0,300.0,71,4.7,UPI,Express,BakeHouse
1322,2024-02-29,Delhi,Cookies 300g,Bakery,3,40.0,120.0,75,4.8,Cash,Standard,BakeHouse
1323,2024-04-04,Bengaluru,Cake 500g,Fruits,3,30.0,90.0,77,4.0,UPI,Express,FarmFresh
1324,2024-04-13,Mumbai,Cake 500g,Fruits,4,60.0,240.0,29,4.9,Cash,Express,FreshFarm
1325,2024-04-17,Bengaluru,Apple 1kg,Fruits,1,45.0,45.0,25,4.9,UPI,Express,FreshFarm
1326,2024-04-10,Bengaluru,Cake 500g,Grocery,5,80.0,400.0,48,4.9,Cash,Express,FarmFresh
1327,2024-04-24,Jaipur,Orange 1kg,Dairy,2,30.0,60.0,39,4.9,Cash,Express,SnackBox
1328,2024-02-08,Bengaluru,Eggs 6pcs,Snacks,1,85.0,85.0,71,4.5,Cash,Standard,GroceryHub
1329,2024-04-18,Bengaluru,Potato 1kg,Fruits,1,85.0,85.0,73,4.2,Card,Standard,GroceryHub
1330,2024-04-08,Delhi,Chicken 1kg,Grocery,4,60.0,240.0,86,4.5,Cash,Standard,FarmFresh
1331,2024-04-09,Jaipur,Bun 2pcs,Grocery,4,80.0,320.0,51,4.5,UPI,Standard,FarmFresh
1332,2024-03-19,Jaipur,Paneer 200g,Dairy,3,85.0,255.0,60,4.5,Card,Standard,FreshFarm
1333,2024-04-26,Delhi,Onion 1kg,Poultry,4,50.0,200.0,51,4.9,Cash,Express,GroceryHub
1334,2024-02-21,Bengaluru,Bun 2pcs,Dairy,3,80.0,240.0,65,4.9,UPI,Express,BakeHouse
1335,2024-01-17,Mumbai,Apple 1kg,Snacks,5,85.0,425.0,51,4.2,Cash,Standard,BakeHouse
1336,2024-01-18,Bengaluru,Onion 1kg,Grocery,5,80.0,400.0,85,4.8,Cash,Express,GroceryHub
1338,2024-04-12,Delhi,Tomato 1kg,Dairy,3,45.0,135.0,31,4.5,UPI,Standard,FreshFarm
1339,2024-05-27,Mumbai,Orange 1kg,Fruits,2,60.0,120.0,55,4.0,UPI,Standard,GreenCart
1340,2024-04-03,Bengaluru,Chips 200g,Dairy,1,70.0,70.0,46,4.7,Cash,Standard,BakeHouse
1341,2024-02-23,Delhi,Tomato 1kg,Grocery,1,100.0,100.0,51,4.7,Card,Express,FarmFresh
1342,2024-05-22,Delhi,Potato 1kg,Bakery,2,30.0,60.0,30,4.7,UPI,Standard,BakeHouse
1343,2024-06-13,Bengaluru,Chips 200g,Vegetables,3,45.0,135.0,31,4.5,Cash,Standard,FreshFarm
1344,2024-03-09,Delhi,Orange 1kg,Fruits,3,70.0,210.0,60,4.9,Cash,Standard,GreenCart
1345,2024-06-08,Bengaluru,Banana 1dozen,Dairy,2,60.0,120.0,88,4.5,UPI,Standard,GreenCart
1346,2024-01-23,Mumbai,Bun 2pcs,Bakery,5,85.0,425.0,47,4.0,UPI,Express,SnackBox
1347,2024-04-16,Bengaluru,Cookies 300g,Grocery,4,70.0,280.0,38,3.5,UPI,Standard,GreenCart
1348,2024-04-08,Delhi,Eggs 6pcs,Vegetables,5,70.0,350.0,40,4.9,Card,Standard,GroceryHub
1349,2024-02-05,Mumbai,Cake 500g,Dairy,4,40.0,160.0,37,4.8,Card,Express,GroceryHub
1350,2024-02-04,Pune,Curd 500g,Vegetables,1,40.0,40.0,47,3.5,UPI,Standard,GreenCart
1351,2024-04-04,Mumbai,Wheat Flour 1kg,Vegetables,5,30.0,150.0,79,4.2,UPI,Express,GreenCart
1352,2024-02-08,Bengaluru,Sugar 1kg,Grocery,2,30.0,60.0,52,4.0,Cash,Express,FreshFarm
1353,2024-02-03,Bengaluru,Sugar 1kg,Bakery,4,80.0,320.0,80,4.7,Card,Standard,GroceryHub
1354,2024-04-14,Bengaluru,Paneer 200g,Dairy,5,45.0,225.0,65,4.9,Cash,Express,FarmFresh
1355,2024-06-07,Pune,Eggs 6pcs,Dairy,4,70.0,280.0,47,4.7,Cash,Standard,BakeHouse
1356,2024-03-07,Bengaluru,Onion 1kg,Dairy,1,50.0,50.0,26,4.9,Cash,Express,GroceryHub
1357,2024-05-14,Pune,Paneer 200g,Snacks,2,80.0,160.0,76,4.5,UPI,Standard,FreshFarm
1358,2024-01-15,Jaipur,Bread 400g,Snacks,5,55.0,275.0,74,4.9,Cash,Standard,BakeHouse
1359,2024-05-16,Delhi,Wheat Flour 1kg,Grocery,3,45.0,135.0,72,4.9,Cash,Standard,FarmFresh
1360,2024-02-10,Delhi,Tomato 1kg,Dairy,3,30.0,90.0,73,4.0,UPI,Standard,BakeHouse
1361,2024-04-28,Delhi,Paneer 200g,Fruits,4,80.0,320.0,77,4.9,UPI,Standard,FreshFarm
1363,2024-06-06,Jaipur,Paneer 200g,Fruits,2,70.0,140.0,62,4.7,Cash,Standard,FarmFresh
1364,2024-04-15,Delhi,Bread 400g,Fruits,3,70.0,210.0,42,3.5,Cash,Standard,GreenCart
1365,2024-06-22,Delhi,Namkeen 500g,Fruits,3,60.0,180.0,64,4.5,Cash,Express,GreenCart
1366,2024-02-29,Bengaluru,Bread 400g,Dairy,2,55.0,110.0,78,3.5,UPI,Standard,SnackBox
1367,2024-05-26,Delhi,Cake 500g,Grocery,2,50.0,100.0,67,4.5,UPI,Express,FreshFarm
1368,2024-05-05,Bengaluru,Cake 500g,Dairy,5,50.0,250.0,74,4.5,Card,Standard,FarmFresh
1369,2024-02-28,Mumbai,Rice 1kg,Grocery,1,30.0,30.0,52,4.9,Card,Standard,FarmFresh
1370,2024-04-13,Jaipur,Onion 1kg,Vegetables,1,40.0,40.0,50,4.5,Cash,Express,GroceryHub
1371,2024-05-19,Delhi,Chips 200g,Dairy,1,80.0,80.0,48,3.5,UPI,Standard,SnackBox
1374,2024-03-14,Delhi,Cookies 300g,Poultry,3,55.0,165.0,59,4.8,Card,Standard,FarmFresh
1375,2024-05-27,Delhi,Apple 1kg,Poultry,5,45.0,225.0,60,3.5,UPI,Express,GreenCart
1376,2024-05-29,Pune,Onion 1kg,Vegetables,5,40.0,200.0,66,4.0,UPI,Standard,GreenCart
1377,2024-02-13,Mumbai,Eggs 6pcs,Fruits,5,70.0,350.0,40,4.5,UPI,Express,GroceryHub
1378,2024-04-18,Pune,Orange 1kg,Snacks,4,55.0,220.0,29,4.2,Card,Express,FreshFarm
1379,2024-03-16,Pune,Eggs 6pcs,Dairy,3,40.0,120.0,25,4.5,UPI,Express,SnackBox
1380,2024-01-17,Delhi,Namkeen 500g,Vegetables,5,85.0,425.0,54,4.8,Cash,Standard,GroceryHub
1381,2024-01-01,Mumbai,Cookies 300g,Fruits,3,40.0,120.0,83,4.7,Cash,Standard,GroceryHub
1382,2024-02-05,Bengaluru,Milk 1L,Snacks,1,55.0,55.0,37,4.7,Card,Standard,GreenCart
1383,2024-04-19,Bengaluru,Cookies 300g,Dairy,2,55.0,110.0,42,4.7,Card,Standard,FreshFarm
1384,2024-03-28,Jaipur,Potato 1kg,Poultry,2,60.0,120.0,86,4.0,Card,Standard,FreshFarm
1385,2024-04-23,Delhi,Cake 500g,Snacks,4,40.0,160.0,88,4.5,Cash,Standard,FreshFarm
1386,2024-04-19,Jaipur,Milk 1L,Snacks,2,45.0,90.0,43,4.0,Card,Express,GroceryHub
1387,2024-02-14,Mumbai,Sugar 1kg,Vegetables,2,70.0,140.0,63,4.5,Cash,Standard,GroceryHub
1388,2024-01-01,Delhi,Eggs 6pcs,Vegetables,1,55.0,55.0,34,4.2,Card,Standard,FreshFarm
1389,2024-06-04,Delhi,Tomato 1kg,Fruits,3,80.0,240.0,31,3.5,Card,Standard,SnackBox
1390,2024-01-10,Jaipur,Rice 1kg,Grocery,1,40.0,40.0,77,4.5,Card,Express,GreenCart
1391,2024-05-18,Delhi,Tomato 1kg,Dairy,4,80.0,320.0,53,4.5,Cash,Express,SnackBox
1392,2024-06-22,Delhi,Cookies 300g,Grocery,1,70.0,70.0,67,4.0,Cash,Express,GreenCart
1394,2024-01-10,Delhi,Apple 1kg,Vegetables,4,85.0,340.0,67,4.5,Cash,Standard,GroceryHub
1395,2024-06-15,Delhi,Bun 2pcs,Dairy,4,55.0,220.0,82,4.5,Cash,Standard,SnackBox
1396,2024-03-07,Mumbai,Tomato 1kg,Snacks,5,45.0,225.0,58,4.7,Cash,Express,SnackBox
1397,2024-06-17,Mumbai,Namkeen 500g,Grocery,1,50.0,50.0,37,4.2,Cash,Standard,BakeHouse
1398,2024-01-01,Pune,Tomato 1kg,Dairy,2,60.0,120.0,88,4.9,Cash,Express,FreshFarm
1399,2024-04-26,Delhi,Potato 1kg,Dairy,2,100.0,200.0,57,4.2,UPI,Standard,GreenCart
1400,2024-06-25,Delhi,Milk 1L,Poultry,1,40.0,40.0,68,4.5,Card,Express,BakeHouse
1401,2024-06-05,Pune,Sugar 1kg,Dairy,2,50.0,100.0,89,4.9,Cash,Express,FarmFresh
1402,2024-05-11,Delhi,Namkeen 500g,Dairy,5,70.0,350.0,45,4.5,Cash,Express,GreenCart
1403,2024-02-09,Bengaluru,Potato 1kg,Vegetables,5,85.0,425.0,41,4.8,UPI,Standard,GreenCart
1405,2024-05-28,Mumbai,Potato 1kg,Dairy,3,55.0,165.0,85,4.0,UPI,Express,GroceryHub
1406,2024-04-18,Bengaluru,Bun 2pcs,Bakery,4,40.0,160.0,54,4.2,Cash,Standard,SnackBox
1407,2024-05-07,Delhi,Paneer 200g,Grocery,4,45.0,180.0,44,4.5,Cash,Express,GreenCart
1408,2024-05-23,Bengaluru,Bun 2pcs,Snacks,3,100.0,300.0,64,4.2,Card,Express,GreenCart
1409,2024-02-29,Mumbai,Chicken 1kg,Dairy,2,55.0,110.0,53,4.0,Cash,Standard,GreenCart
1410,2024-04-16,Delhi,Cake 500g,Dairy,4,30.0,120.0,32,4.0,UPI,Express,FarmFresh
1411,2024-03-13,Jaipur,Bread 400g,Vegetables,1,80.0,80.0,35,4.2,UPI,Standard,GreenCart
1412,2024-02-03,Bengaluru,Namkeen 500g,Vegetables,4,80.0,320.0,31,4.7,Cash,Express,GreenCart
1413,2024-05-16,Delhi,Orange 1kg,Dairy,1,40.0,40.0,29,3.5,Card,Express,FarmFresh
1414,2024-05-19,Bengaluru,Paneer 200g,Dairy,3,55.0,165.0,48,4.7,Cash,Express,BakeHouse
1415,2024-03-21,Mumbai,Rice 1kg,Vegetables,4,100.0,400.0,31,4.5,UPI,Express,FarmFresh
1416,2024-02-24,Delhi,Tomato 1kg,Dairy,4,40.0,160.0,69,4.8,UPI,Standard,BakeHouse
1417,2024-04-30,Delhi,Rice 1kg,Dairy,1,80.0,80.0,80,4.2,UPI,Standard,BakeHouse
1418,2024-05-01,Delhi,Eggs 6pcs,Fruits,2,70.0,140.0,25,3.5,UPI,Express,SnackBox
1419,2024-01-26,Mumbai,Eggs 6pcs,Dairy,2,45.0,90.0,59,4.2,UPI,Express,SnackBox
1420,2024-05-29,Delhi,Sugar 1kg,Grocery,3,30.0,90.0,81,4.8,UPI,Express,FarmFresh
1421,2024-05-26,Pune,Orange 1kg,Vegetables,5,100.0,500.0,44,4.0,Cash,Standard,GroceryHub
1423,2024-01-13,Bengaluru,Milk 1L,Vegetables,2,50.0,100.0,31,4.8,Cash,Express,GreenCart
1424,2024-01-20,Pune,Onion 1kg,Dairy,2,70.0,140.0,88,4.9,Cash,Standard,SnackBox
1425,2024-04-30,Mumbai,Cookies 300g,Vegetables,3,60.0,180.0,53,4.5,Cash,Standard,GreenCart
1426,2024-02-25,Bengaluru,Namkeen 500g,Grocery,5,55.0,275.0,57,4.2,UPI,Standard,FreshFarm
1427,2024-06-29,Bengaluru,Chicken 1kg,Snacks,4,70.0,280.0,68,4.0,Cash,Express,SnackBox
1428,2024-03-24,Jaipur,Rice 1kg,Bakery,3,40.0,120.0,31,4.8,Cash,Standard,GreenCart
1429,2024-03-11,Delhi,Wheat Flour 1kg,Grocery,2,70.0,140.0,81,4.7,UPI,Standard,SnackBox
1431,2024-05-13,Pune,Rice 1kg,Dairy,3,55.0,165.0,86,4.8,Cash,Express,SnackBox
1432,2024-03-16,Mumbai,Tomato 1kg,Snacks,4,30.0,120.0,51,3.5,Card,Standard,BakeHouse
1433,2024-04-25,Delhi,Potato 1kg,Poultry,5,60.0,300.0,60,4.5,UPI,Express,BakeHouse
1434,2024-02-08,Pune,Cake 500g,Snacks,4,40.0,160.0,79,4.5,Card,Express,BakeHouse
1435,2024-02-20,Bengaluru,Bread 400g,Grocery,5,50.0,250.0,88,4.8,Cash,Standard,GroceryHub
1436,2024-02-16,Bengaluru,Namkeen 500g,Grocery,1,60.0,60.0,90,4.5,Cash,Express,GroceryHub
1437,2024-05-28,Delhi,Onion 1kg,Snacks,5,55.0,275.0,44,4.5,Cash,Express,SnackBox
1438,2024-05-13,Mumbai,Apple 1kg,Grocery,4,70.0,280.0,65,3.5,Card,Standard,GreenCart
1439,2024-04-17,Jaipur,Potato 1kg,Poultry,3,45.0,135.0,41,4.8,Cash,Express,SnackBox
1441,2024-05-12,Jaipur,Chicken 1kg,Dairy,4,50.0,200.0,25,4.2,Cash,Standard,GroceryHub
1442,2024-03-07,Bengaluru,Tomato 1kg,Grocery,3,40.0,120.0,74,4.9,UPI,Express,FarmFresh
1443,2024-06-06,Jaipur,Eggs 6pcs,Grocery,1,100.0,100.0,64,4.5,UPI,Standard,GreenCart
1444,2024-06-13,Mumbai,Rice 1kg,Snacks,1,85.0,85.0,50,4.5,Cash,Express,FarmFresh
1445,2024-06-03,Delhi,Potato 1kg,Poultry,3,80.0,240.0,74,4.5,UPI,Express,GreenCart
1446,2024-06-11,Delhi,Cookies 300g,Dairy,4,55.0,220.0,77,4.8,Cash,Standard,FreshFarm
1447,2024-05-14,Jaipur,Namkeen 500g,Snacks,4,30.0,120.0,88,4.5,UPI,Express,GroceryHub
1448,2024-02-03,Delhi,Onion 1kg,Poultry,4,40.0,160.0,74,4.2,UPI,Express,GreenCart
1449,2024-04-13,Bengaluru,Apple 1kg,Grocery,5,85.0,425.0,76,4.5,Cash,Express,GroceryHub
1450,2024-05-03,Bengaluru,Cake 500g,Grocery,5,85.0,425.0,38,4.9,UPI,Standard,BakeHouse
1451,2024-02-26,Bengaluru,Apple 1kg,Grocery,3,45.0,135.0,60,3.5,Cash,Standard,GroceryHub
1452,2024-01-25,Pune,Wheat Flour 1kg,Snacks,5,30.0,150.0,75,4.9,Card,Standard,SnackBox
1453,2024-02-11,Bengaluru,Bread 400g,Vegetables,5,80.0,400.0,74,4.5,UPI,Express,SnackBox
1454,2024-05-12,Bengaluru,Curd 500g,Fruits,3,45.0,135.0,77,4.5,UPI,Standard,BakeHouse
1455,2024-01-01,Jaipur,Milk 1L,Bakery,1,85.0,85.0,61,3.5,UPI,Express,GroceryHub
1456,2024-02-09,Delhi,Orange 1kg,Dairy,3,30.0,90.0,46,4.5,UPI,Express,BakeHouse
1457,2024-06-28,Mumbai,Onion 1kg,Snacks,4,55.0,220.0,39,4.9,UPI,Standard,GreenCart
1458,2024-01-25,Delhi,Cake 500g,Bakery,5,45.0,225.0,84,4.7,Cash,Standard,FreshFarm
1459,2024-01-26,Delhi,Bun 2pcs,Bakery,3,85.0,255.0,84,4.7,UPI,Express,FreshFarm
1460,2024-04-30,Bengaluru,Bun 2pcs,Fruits,5,60.0,300.0,74,4.0,UPI,Express,FarmFresh
1462,2024-02-15,Bengaluru,Bun 2pcs,Vegetables,4,50.0,200.0,45,4.5,UPI,Standard,FarmFresh
1463,2024-06-27,Pune,Sugar 1kg,Vegetables,1,55.0,55.0,73,4.7,Cash,Standard,GroceryHub
1464,2024-02-11,Delhi,Cake 500g,Vegetables,4,40.0,160.0,70,4.5,Cash,Standard,FarmFresh
1465,2024-06-22,Delhi,Banana 1dozen,Dairy,5,30.0,150.0,88,4.5,UPI,Express,GroceryHub
1466,2024-01-17,Mumbai,Potato 1kg,Dairy,5,30.0,150.0,85,4.9,UPI,Express,BakeHouse
1467,2024-04-29,Bengaluru,Sugar 1kg,Poultry,4,40.0,160.0,50,4.5,Cash,Standard,GreenCart
1468,2024-01-28,Jaipur,Chicken 1kg,Grocery,2,45.0,90.0,68,4.5,Card,Express,BakeHouse
1470,2024-03-13,Pune,Curd 500g,Bakery,3,50.0,150.0,84,3.5,Cash,Standard,FreshFarm
1471,2024-01-02,Jaipur,Tomato 1kg,Grocery,5,60.0,300.0,40,4.5,UPI,Express,FreshFarm
1472,2024-02-11,Jaipur,Curd 500g,Grocery,3,40.0,120.0,30,4.2,Cash,Express,FreshFarm
1473,2024-04-14,Bengaluru,Wheat Flour 1kg,Dairy,1,45.0,45.0,87,4.2,UPI,Express,GreenCart
1474,2024-01-24,Bengaluru,Sugar 1kg,Grocery,2,60.0,120.0,47,4.2,UPI,Standard,SnackBox
1475,2024-05-19,Mumbai,Bun 2pcs,Dairy,5,70.0,350.0,67,4.7,UPI,Standard,SnackBox
1476,2024-05-18,Pune,Milk 1L,Bakery,3,70.0,210.0,34,4.0,UPI,Express,FreshFarm
1477,2024-02-24,Bengaluru,Banana 1dozen,Snacks,3,60.0,180.0,55,4.2,UPI,Express,GreenCart
1478,2024-01-23,Bengaluru,Orange 1kg,Poultry,2,55.0,110.0,25,4.2,Cash,Express,FarmFresh
1479,2024-04-24,Delhi,Wheat Flour 1kg,Grocery,5,60.0,300.0,39,4.8,Cash,Standard,FreshFarm
1480,2024-02-23,Jaipur,Chicken 1kg,Bakery,4,80.0,320.0,27,4.5,Cash,Standard,GroceryHub
1481,2024-04-22,Pune,Eggs 6pcs,Bakery,2,100.0,200.0,86,3.5,Cash,Express,FreshFarm
1482,2024-05-24,Delhi,Cookies 300g,Snacks,4,100.0,400.0,30,4.2,UPI,Standard,GroceryHub
1483,2024-02-04,Pune,Chicken 1kg,Snacks,2,70.0,140.0,63,3.5,UPI,Standard,FreshFarm
1484,2024-02-22,Bengaluru,Milk 1L,Vegetables,4,45.0,180.0,32,4.5,Card,Standard,SnackBox
1485,2024-05-18,Jaipur,Wheat Flour 1kg,Snacks,5,80.0,400.0,59,4.5,UPI,Express,GreenCart
1486,2024-04-15,Delhi,Chicken 1kg,Grocery,4,100.0,400.0,71,4.0,UPI,Express,BakeHouse
1487,2024-04-20,Delhi,Chicken 1kg,Grocery,2,100.0,200.0,68,4.9,Cash,Express,FreshFarm
1488,2024-04-07,Delhi,Chips 200g,Grocery,1,60.0,60.0,57,4.5,UPI,Standard,FreshFarm
1489,2024-02-13,Bengaluru,Tomato 1kg,Dairy,1,70.0,70.0,41,4.9,UPI,Express,SnackBox
1490,2024-05-16,Mumbai,Tomato 1kg,Grocery,4,85.0,340.0,50,4.7,Cash,Standard,BakeHouse
1491,2024-06-25,Pune,Curd 500g,Fruits,1,80.0,80.0,88,4.5,Card,Express,FarmFresh
1492,2024-02-24,Delhi,Paneer 200g,Dairy,5,55.0,275.0,82,4.2,Cash,Express,FreshFarm
1493,2024-01-07,Bengaluru,Eggs 6pcs,Grocery,1,45.0,45.0,46,4.7,Cash,Standard,GreenCart
1494,2024-03-24,Pune,Wheat Flour 1kg,Snacks,3,85.0,255.0,30,4.0,UPI,Standard,SnackBox
1495,2024-06-12,Delhi,Cake 500g,Poultry,4,50.0,200.0,41,4.5,Card,Express,GreenCart
1496,2024-06-21,Jaipur,Sugar 1kg,Grocery,5,100.0,500.0,47,4.5,UPI,Standard,FreshFarm
1497,2024-05-11,Pune,Namkeen 500g,Fruits,2,50.0,100.0,81,4.2,Cash,Standard,BakeHouse
1498,2024-05-10,Bengaluru,Chips 200g,Bakery,3,50.0,150.0,26,4.0,Cash,Express,FarmFresh
1499,2024-06-18,Mumbai,Rice 1kg,Grocery,1,30.0,30.0,65,4.9,Cash,Standard,GroceryHub
1500,2024-01-11,Bengaluru,Curd 500g,Dairy,2,30.0,60.0,85,4.5,Cash,Standard,FreshFarm
1501,2024-01-09,Pune,Apple 1kg,Dairy,3,70.0,210.0,37,4.5,Card,Express,SnackBox
1502,2024-03-15,Delhi,Orange 1kg,Grocery,1,70.0,70.0,68,4.7,Card,Standard,BakeHouse
1504,2024-02-06,Mumbai,Rice 1kg,Poultry,3,50.0,150.0,41,4.2,Cash,Standard,GroceryHub
1505,2024-04-26,Delhi,Orange 1kg,Dairy,2,60.0,120.0,53,3.5,UPI,Standard,GroceryHub
1506,2024-05-24,Delhi,Potato 1kg,Dairy,2,80.0,160.0,55,4.5,Card,Express,GroceryHub
1507,2024-06-14,Pune,Orange 1kg,Fruits,3,45.0,135.0,53,4.7,UPI,Express,FreshFarm
1508,2024-02-18,Delhi,Apple 1kg,Vegetables,5,70.0,350.0,33,4.2,UPI,Standard,GroceryHub
1509,2024-01-19,Delhi,Onion 1kg,Poultry,4,85.0,340.0,54,4.8,Cash,Express,SnackBox
1510,2024-01-05,Bengaluru,Chicken 1kg,Grocery,5,60.0,300.0,71,4.5,Cash,Express,SnackBox
1511,2024-02-11,Pune,Curd 500g,Snacks,5,70.0,350.0,36,4.5,UPI,Express,FreshFarm
1512,2024-01-27,Bengaluru,Eggs 6pcs,Dairy,5,100.0,500.0,45,4.7,Cash,Express,GreenCart
1513,2024-05-02,Delhi,Rice 1kg,Grocery,5,45.0,225.0,58,4.8,Cash,Express,FarmFresh
1514,2024-06-28,Jaipur,Milk 1L,Snacks,4,80.0,320.0,50,4.2,UPI,Express,BakeHouse
1515,2024-02-20,Jaipur,Chips 200g,Fruits,5,100.0,500.0,41,3.5,Card,Express,BakeHouse
1516,2024-05-31,Delhi,Potato 1kg,Snacks,4,55.0,220.0,79,4.0,UPI,Express,SnackBox
1517,2024-04-01,Delhi,Eggs 6pcs,Bakery,2,55.0,110.0,46,4.8,Cash,Standard,BakeHouse
1518,2024-06-11,Mumbai,Bread 400g,Dairy,1,30.0,30.0,47,4.2,Card,Standard,FarmFresh
1519,2024-02-10,Delhi,Chips 200g,Vegetables,4,85.0,340.0,86,4.9,UPI,Standard,GroceryHub
1520,2024-02-29,Delhi,Onion 1kg,Snacks,2,100.0,200.0,32,4.5,Cash,Standard,GreenCart
1521,2024-04-07,Bengaluru,Chips 200g,Poultry,2,50.0,100.0,60,4.0,UPI,Standard,GroceryHub
1522,2024-04-28,Jaipur,Bun 2pcs,Dairy,4,30.0,120.0,64,4.7,Cash,Standard,FreshFarm
1523,2024-05-20,Delhi,Eggs 6pcs,Grocery,1,80.0,80.0,85,3.5,UPI,Standard,GroceryHub
1524,2024-03-02,Mumbai,Apple 1kg,Grocery,1,70.0,70.0,41,3.5,Cash,Standard,SnackBox
1525,2024-03-26,Mumbai,Tomato 1kg,Bakery,3,30.0,90.0,45,4.5,UPI,Standard,BakeHouse
1527,2024-05-05,Bengaluru,Bread 400g,Dairy,4,45.0,180.0,57,4.5,Cash,Express,GroceryHub
1528,2024-06-03,Bengaluru,Curd 500g,Vegetables,5,30.0,150.0,89,4.7,Cash,Standard,FarmFresh
1529,2024-04-19,Mumbai,Sugar 1kg,Grocery,2,55.0,110.0,79,4.5,Card,Standard,GreenCart
1530,2024-06-11,Bengaluru,Bun 2pcs,Snacks,2,80.0,160.0,49,3.5,UPI,Standard,SnackBox
1531,2024-01-12,Jaipur,Sugar 1kg,Fruits,4,30.0,120.0,27,4.5,UPI,Standard,FreshFarm
1532,2024-06-11,Bengaluru,Tomato 1kg,Grocery,3,45.0,135.0,31,4.0,Card,Express,GroceryHub
1533,2024-03-30,Delhi,Cookies 300g,Dairy,2,30.0,60.0,41,4.5,Cash,Express,FarmFresh
1534,2024-01-21,Mumbai,Onion 1kg,Dairy,2,85.0,170.0,28,4.2,UPI,Standard,GroceryHub
1535,2024-03-17,Jaipur,Bun 2pcs,Snacks,5,60.0,300.0,26,4.2,UPI,Express,GroceryHub
1536,2024-06-22,Mumbai,Tomato 1kg,Bakery,5,30.0,150.0,25,4.0,Card,Express,BakeHouse
1538,2024-02-28,Jaipur,Potato 1kg,Snacks,2,50.0,100.0,59,4.5,Card,Express,FarmFresh
1539,2024-01-10,Bengaluru,Wheat Flour 1kg,Snacks,2,40.0,80.0,77,4.5,UPI,Standard,FreshFarm
1540,2024-04-10,Delhi,Banana 1dozen,Dairy,5,100.0,500.0,86,4.9,UPI,Standard,FarmFresh
1541,2024-04-17,Delhi,Rice 1kg,Fruits,3,70.0,210.0,35,4.8,UPI,Standard,SnackBox
1542,2024-04-29,Bengaluru,Wheat Flour 1kg,Vegetables,4,55.0,220.0,45,4.8,UPI,Standard,FarmFresh
1543,2024-04-12,Mumbai,Apple 1kg,Dairy,3,45.0,135.0,66,3.5,Cash,Express,BakeHouse
1544,2024-03-25,Bengaluru,Chicken 1kg,Dairy,2,60.0,120.0,60,4.5,UPI,Standard,BakeHouse
1545,2024-02-24,Delhi,Onion 1kg,Poultry,2,80.0,160.0,41,4.5,Cash,Express,FarmFresh
1546,2024-03-05,Jaipur,Bread 400g,Grocery,1,70.0,70.0,74,4.7,Cash,Standard,GroceryHub
1548,2024-05-15,Mumbai,Banana 1dozen,Fruits,4,30.0,120.0,90,4.8,Cash,Standard,GreenCart
1549,2024-04-30,Delhi,Banana 1dozen,Bakery,3,100.0,300.0,50,4.5,UPI,Express,GreenCart
1550,2024-06-01,Delhi,Cookies 300g,Poultry,3,100.0,300.0,66,4.9,UPI,Standard,FarmFresh
1552,2024-03-08,Delhi,Chicken 1kg,Grocery,2,45.0,90.0,82,4.0,Card,Standard,FarmFresh
1553,2024-06-19,Bengaluru,Bun 2pcs,Bakery,1,100.0,100.0,51,4.0,UPI,Standard,FarmFresh
1554,2024-04-19,Delhi,Apple 1kg,Snacks,5,40.0,200.0,38,4.2,Cash,Standard,BakeHouse
1555,2024-04-06,Mumbai,Orange 1kg,Poultry,3,80.0,240.0,84,4.2,Cash,Standard,FarmFresh
1556,2024-06-17,Bengaluru,Paneer 200g,Dairy,2,45.0,90.0,35,4.5,Cash,Standard,BakeHouse
1557,2024-06-03,Bengaluru,Potato 1kg,Vegetables,4,80.0,320.0,72,4.5,Cash,Express,FarmFresh
1558,2024-02-10,Jaipur,Rice 1kg,Dairy,4,85.0,340.0,33,4.8,UPI,Standard,GreenCart
1559,2024-02-12,Pune,Bread 400g,Fruits,2,85.0,170.0,50,4.5,UPI,Express,GroceryHub
1560,2024-06-20,Jaipur,Cake 500g,Fruits,5,80.0,400.0,35,4.5,Cash,Standard,FarmFresh
1561,2024-06-13,Pune,Orange 1kg,Dairy,4,80.0,320.0,41,4.8,UPI,Express,GroceryHub
1562,2024-01-23,Delhi,Potato 1kg,Snacks,2,50.0,100.0,87,4.8,UPI,Express,FarmFresh
1563,2024-01-29,Pune,Chips 200g,Dairy,2,50.0,100.0,90,4.5,Cash,Express,GroceryHub
1564,2024-02-20,Mumbai,Curd 500g,Bakery,3,100.0,300.0,76,4.5,Card,Standard,FreshFarm
1565,2024-03-17,Bengaluru,Tomato 1kg,Grocery,4,30.0,120.0,59,4.2,UPI,Standard,FarmFresh
1566,2024-02-14,Bengaluru,Bun 2pcs,Fruits,5,70.0,350.0,69,4.8,Cash,Express,GreenCart
1567,2024-03-14,Bengaluru,Namkeen 500g,Dairy,4,70.0,280.0,58,4.8,UPI,Standard,BakeHouse
1568,2024-04-29,Jaipur,Milk 1L,Vegetables,5,40.0,200.0,27,4.7,Cash,Express,SnackBox
1569,2024-01-14,Bengaluru,Onion 1kg,Poultry,2,80.0,160.0,38,4.5,Cash,Express,BakeHouse
1571,2024-02-14,Pune,Chicken 1kg,Grocery,4,50.0,200.0,55,4.2,UPI,Standard,GroceryHub
1572,2024-05-27,Delhi,Tomato 1kg,Grocery,2,85.0,170.0,31,4.8,Card,Standard,GreenCart
1573,2024-02-12,Bengaluru,Bread 400g,Grocery,2,50.0,100.0,30,4.5,Cash,Standard,GroceryHub
1574,2024-02-17,Jaipur,Rice 1kg,Grocery,4,80.0,320.0,44,4.0,Cash,Standard,GroceryHub
1575,2024-05-21,Bengaluru,Bread 400g,Bakery,1,100.0,100.0,54,4.8,Cash,Standard,GreenCart
1576,2024-01-08,Bengaluru,Orange 1kg,Snacks,1,85.0,85.0,43,4.9,Card,Standard,GreenCart
1578,2024-03-01,Bengaluru,Cookies 300g,Vegetables,5,45.0,225.0,70,4.0,Cash,Express,SnackBox
1579,2024-06-17,Bengaluru,Cake 500g,Fruits,5,55.0,275.0,80,4.8,UPI,Standard,FarmFresh
1580,2024-03-24,Bengaluru,Eggs 6pcs,Grocery,2,60.0,120.0,38,4.5,Cash,Standard,GroceryHub
1581,2024-06-14,Pune,Apple 1kg,Snacks,5,30.0,150.0,69,4.5,UPI,Express,GreenCart
1582,2024-03-22,Delhi,Apple 1kg,Snacks,5,40.0,200.0,33,4.2,Card,Express,GreenCart
1583,2024-05-07,Jaipur,Chicken 1kg,Poultry,3,40.0,120.0,61,4.0,Cash,Express,GreenCart
1584,2024-03-24,Mumbai,Namkeen 500g,Dairy,2,85.0,170.0,74,4.9,Cash,Express,SnackBox
1585,2024-04-18,Mumbai,Potato 1kg,Dairy,1,80.0,80.0,29,3.5,Cash,Express,FreshFarm
1586,2024-02-02,Mumbai,Apple 1kg,Vegetables,1,85.0,85.0,51,3.5,Cash,Express,FarmFresh
1588,2024-03-05,Pune,Banana 1dozen,Dairy,3,55.0,165.0,45,4.8,UPI,Express,FreshFarm
1589,2024-03-15,Delhi,Chicken 1kg,Grocery,1,80.0,80.0,68,4.5,UPI,Standard,BakeHouse
1590,2024-04-21,Pune,Onion 1kg,Bakery,1,85.0,85.0,84,4.5,Cash,Express,FreshFarm
1591,2024-05-06,Bengaluru,Chips 200g,Dairy,5,45.0,225.0,49,3.5,Cash,Standard,GroceryHub
1592,2024-05-22,Bengaluru,Onion 1kg,Dairy,3,70.0,210.0,40,4.5,Cash,Standard,GreenCart
1593,2024-03-23,Jaipur,Potato 1kg,Bakery,4,50.0,200.0,60,3.5,UPI,Standard,BakeHouse
1594,2024-05-17,Mumbai,Chicken 1kg,Grocery,5,55.0,275.0,62,4.5,UPI,Express,FarmFresh
1595,2024-05-30,Bengaluru,Tomato 1kg,Bakery,2,30.0,60.0,65,3.5,UPI,Standard,FreshFarm
1597,2024-02-13,Delhi,Eggs 6pcs,Dairy,2,40.0,80.0,81,4.5,Cash,Express,BakeHouse
1598,2024-03-25,Mumbai,Chicken 1kg,Poultry,1,45.0,45.0,28,4.5,Cash,Standard,BakeHouse
1599,2024-01-14,Delhi,Orange 1kg,Dairy,2,70.0,140.0,66,4.5,Card,Express,FarmFresh
1600,2024-03-21,Delhi,Apple 1kg,Dairy,1,60.0,60.0,38,4.5,UPI,Express,FreshFarm
1601,2024-01-08,Bengaluru,Curd 500g,Snacks,1,40.0,40.0,61,4.5,UPI,Standard,FreshFarm
1602,2024-01-04,Delhi,Namkeen 500g,Fruits,2,100.0,200.0,71,3.5,UPI,Express,SnackBox
1603,2024-06-07,Delhi,Bread 400g,Dairy,3,100.0,300.0,46,4.0,Cash,Standard,GreenCart
1604,2024-04-01,Mumbai,Orange 1kg,Vegetables,4,85.0,340.0,62,4.0,UPI,Express,BakeHouse
1605,2024-05-18,Bengaluru,Potato 1kg,Dairy,5,50.0,250.0,48,4.7,UPI,Express,SnackBox
1606,2024-04-03,Delhi,Bun 2pcs,Grocery,2,100.0,200.0,54,3.5,UPI,Express,GreenCart
1607,2024-05-29,Mumbai,Bun 2pcs,Vegetables,1,100.0,100.0,40,4.2,UPI,Standard,GroceryHub
1608,2024-06-18,Delhi,Cookies 300g,Snacks,1,100.0,100.0,83,4.8,Cash,Standard,FreshFarm
1609,2024-01-12,Delhi,Orange 1kg,Poultry,1,30.0,30.0,60,4.9,UPI,Standard,FreshFarm
1610,2024-05-08,Delhi,Apple 1kg,Snacks,5,40.0,200.0,44,4.5,Cash,Express,GreenCart
1611,2024-02-02,Pune,Paneer 200g,Dairy,4,30.0,120.0,72,3.5,Cash,Standard,GroceryHub
1612,2024-05-19,Bengaluru,Wheat Flour 1kg,Dairy,2,50.0,100.0,88,4.8,Cash,Standard,FreshFarm
1613,2024-04-02,Delhi,Milk 1L,Poultry,2,70.0,140.0,52,4.5,UPI,Express,GroceryHub
1614,2024-05-09,Delhi,Potato 1kg,Vegetables,1,85.0,85.0,83,4.5,Cash,Standard,SnackBox
1615,2024-01-03,Bengaluru,Cookies 300g,Snacks,2,80.0,160.0,54,4.7,Card,Standard,FreshFarm
1616,2024-05-22,Pune,Banana 1dozen,Poultry,2,30.0,60.0,27,4.8,UPI,Express,BakeHouse
1617,2024-01-20,Bengaluru,Onion 1kg,Dairy,3,40.0,120.0,65,4.8,Cash,Express,BakeHouse
1618,2024-04-05,Jaipur,Cake 500g,Grocery,1,50.0,50.0,76,4.5,Cash,Express,BakeHouse
1619,2024-01-20,Delhi,Milk 1L,Dairy,1,100.0,100.0,54,4.5,UPI,Express,FreshFarm
1620,2024-03-01,Delhi,Apple 1kg,Grocery,1,80.0,80.0,82,4.8,Cash,Standard,GroceryHub
1621,2024-02-20,Jaipur,Eggs 6pcs,Fruits,4,80.0,320.0,90,4.5,Card,Express,GreenCart
1622,2024-03-13,Bengaluru,Bread 400g,Snacks,3,45.0,135.0,83,3.5,Cash,Express,BakeHouse
1623,2024-01-05,Bengaluru,Namkeen 500g,Snacks,5,50.0,250.0,83,4.9,Card,Standard,FreshFarm
1624,2024-01-27,Jaipur,Bread 400g,Snacks,2,40.0,80.0,45,4.7,UPI,Standard,SnackBox
1625,2024-06-10,Delhi,Bread 400g,Vegetables,4,55.0,220.0,50,4.5,UPI,Standard,FreshFarm
1626,2024-05-14,Pune,Paneer 200g,Dairy,5,100.0,500.0,61,4.0,UPI,Standard,SnackBox
1627,2024-01-23,Bengaluru,Chicken 1kg,Vegetables,4,85.0,340.0,37,4.9,Card,Express,GreenCart
1628,2024-02-01,Jaipur,Paneer 200g,Poultry,5,80.0,400.0,59,4.5,Cash,Express,GreenCart
1630,2024-03-02,Bengaluru,Wheat Flour 1kg,Snacks,5,100.0,500.0,33,4.5,UPI,Standard,GreenCart
1631,2024-01-15,Delhi,Orange 1kg,Grocery,4,55.0,220.0,82,4.2,Cash,Express,GreenCart
1632,2024-01-08,Bengaluru,Sugar 1kg,Grocery,2,45.0,90.0,63,4.8,Card,Express,GroceryHub
1633,2024-05-10,Delhi,Orange 1kg,Vegetables,3,70.0,210.0,83,4.8,Card,Standard,BakeHouse
1635,2024-04-15,Pune,Tomato 1kg,Grocery,1,60.0,60.0,78,4.5,UPI,Express,BakeHouse
1636,2024-05-06,Pune,Potato 1kg,Bakery,1,100.0,100.0,84,4.5,UPI,Standard,GroceryHub
1637,2024-05-04,Pune,Chicken 1kg,Grocery,4,60.0,240.0,47,4.5,UPI,Express,GreenCart
1638,2024-04-30,Bengaluru,Paneer 200g,Grocery,2,60.0,120.0,46,4.2,UPI,Standard,BakeHouse
1639,2024-01-03,Bengaluru,Cake 500g,Dairy,2,50.0,100.0,33,4.9,UPI,Standard,FreshFarm
1640,2024-01-27,Bengaluru,Eggs 6pcs,Bakery,4,45.0,180.0,85,4.2,Card,Standard,SnackBox
1641,2024-04-24,Bengaluru,Paneer 200g,Dairy,1,30.0,30.0,38,4.8,Cash,Standard,BakeHouse
1642,2024-05-16,Delhi,Bread 400g,Fruits,4,70.0,280.0,48,3.5,Cash,Express,FarmFresh
1643,2024-02-09,Mumbai,Chips 200g,Dairy,4,85.0,340.0,87,4.8,Cash,Express,BakeHouse
1644,2024-03-17,Delhi,Chips 200g,Grocery,1,80.0,80.0,53,4.0,UPI,Standard,BakeHouse
1645,2024-05-30,Delhi,Bun 2pcs,Fruits,4,45.0,180.0,64,4.5,Cash,Express,GreenCart
1647,2024-01-10,Bengaluru,Wheat Flour 1kg,Vegetables,5,50.0,250.0,34,4.9,Cash,Standard,GroceryHub
1648,2024-02-17,Bengaluru,Bun 2pcs,Grocery,3,70.0,210.0,57,4.5,UPI,Express,SnackBox
1650,2024-02-06,Delhi,Milk 1L,Snacks,3,80.0,240.0,84,4.5,Card,Express,SnackBox
1651,2024-04-15,Bengaluru,Apple 1kg,Dairy,4,100.0,400.0,56,4.5,Cash,Standard,SnackBox
1652,2024-02-05,Delhi,Curd 500g,Grocery,2,40.0,80.0,90,4.5,Cash,Express,FarmFresh
1653,2024-02-19,Pune,Cake 500g,Dairy,4,50.0,200.0,81,4.5,UPI,Standard,GroceryHub
1654,2024-02-09,Jaipur,Orange 1kg,Grocery,2,50.0,100.0,76,4.7,UPI,Express,FarmFresh
1656,2024-03-22,Jaipur,Sugar 1kg,Dairy,1,50.0,50.0,65,4.0,Card,Express,BakeHouse
1657,2024-02-07,Bengaluru,Namkeen 500g,Poultry,4,55.0,220.0,59,4.9,UPI,Express,FreshFarm
1658,2024-01-22,Pune,Eggs 6pcs,Dairy,4,70.0,280.0,47,4.0,Cash,Standard,GroceryHub
1659,2024-04-03,Bengaluru,Bun 2pcs,Vegetables,1,70.0,70.0,66,4.5,Cash,Express,FarmFresh
1660,2024-04-05,Pune,Paneer 200g,Vegetables,4,100.0,400.0,27,4.5,UPI,Express,GreenCart
1661,2024-06-04,Delhi,Namkeen 500g,Dairy,2,45.0,90.0,60,4.5,UPI,Standard,FreshFarm
1662,2024-02-04,Delhi,Paneer 200g,Grocery,2,70.0,140.0,38,3.5,Cash,Express,FreshFarm
1663,2024-04-29,Mumbai,Onion 1kg,Grocery,1,60.0,60.0,68,4.5,Cash,Express,GroceryHub
1664,2024-03-31,Bengaluru,Bread 400g,Grocery,2,70.0,140.0,78,4.2,Card,Express,GreenCart
1665,2024-04-24,Pune,Banana 1dozen,Vegetables,5,100.0,500.0,36,4.0,UPI,Express,GroceryHub
1666,2024-05-10,Pune,Apple 1kg,Grocery,3,40.0,120.0,25,4.5,Card,Express,GreenCart
1667,2024-06-09,Delhi,Milk 1L,Fruits,4,55.0,220.0,60,3.5,Card,Standard,GreenCart
1668,2024-03-14,Bengaluru,Cookies 300g,Poultry,2,85.0,170.0,35,4.9,Card,Express,GroceryHub
1669,2024-05-06,Jaipur,Potato 1kg,Grocery,5,55.0,275.0,68,4.2,Cash,Standard,FreshFarm
1670,2024-02-04,Bengaluru,Bun 2pcs,Dairy,1,100.0,100.0,33,4.0,Card,Standard,BakeHouse
1671,2024-03-02,Bengaluru,Bread 400g,Snacks,3,70.0,210.0,86,4.7,UPI,Standard,BakeHouse
1672,2024-04-16,Delhi,Cookies 300g,Fruits,3,55.0,165.0,52,3.5,UPI,Standard,GreenCart
1673,2024-06-23,Bengaluru,Curd 500g,Vegetables,2,55.0,110.0,61,4.5,UPI,Express,BakeHouse
1674,2024-04-30,Bengaluru,Curd 500g,Dairy,3,80.0,240.0,31,4.9,UPI,Standard,FarmFresh
1675,2024-05-23,Pune,Potato 1kg,Bakery,3,70.0,210.0,39,4.2,Cash,Express,GreenCart
1676,2024-01-22,Pune,Bread 400g,Grocery,5,30.0,150.0,45,4.5,UPI,Express,SnackBox
1677,2024-01-31,Delhi,Wheat Flour 1kg,Grocery,3,30.0,90.0,49,4.0,UPI,Standard,FreshFarm
1678,2024-06-08,Jaipur,Chips 200g,Grocery,3,40.0,120.0,51,4.8,UPI,Express,SnackBox
1679,2024-05-11,Delhi,Orange 1kg,Vegetables,2,70.0,140.0,83,4.9,Card,Standard,FarmFresh
1680,2024-02-19,Jaipur,Bun 2pcs,Dairy,5,30.0,150.0,64,4.2,UPI,Standard,GroceryHub
1681,2024-05-22,Bengaluru,Bread 400g,Grocery,3,85.0,255.0,40,4.5,UPI,Standard,SnackBox
1682,2024-05-17,Delhi,Wheat Flour 1kg,Grocery,1,70.0,70.0,34,4.0,Cash,Express,BakeHouse
1683,2024-06-06,Bengaluru,Namkeen 500g,Bakery,1,50.0,50.0,30,4.2,Card,Standard,GreenCart
1684,2024-05-25,Delhi,Potato 1kg,Vegetables,2,60.0,120.0,84,4.5,UPI,Express,BakeHouse
1685,2024-01-24,Pune,Onion 1kg,Fruits,4,85.0,340.0,25,4.9,UPI,Standard,FarmFresh
1686,2024-06-25,Bengaluru,Milk 1L,Grocery,4,100.0,400.0,49,4.5,Cash,Express,BakeHouse
1687,2024-06-22,Jaipur,Paneer 200g,Snacks,5,45.0,225.0,34,3.5,UPI,Standard,BakeHouse
1688,2024-05-16,Mumbai,Namkeen 500g,Poultry,1,40.0,40.0,33,4.5,Cash,Express,GreenCart
1689,2024-02-25,Delhi,Eggs 6pcs,Fruits,4,50.0,200.0,76,4.8,Cash,Standard,GroceryHub
1690,2024-05-05,Mumbai,Orange 1kg,Bakery,4,60.0,240.0,85,4.9,Card,Express,FarmFresh
1691,2024-02-06,Jaipur,Chips 200g,Grocery,4,85.0,340.0,64,4.5,Cash,Standard,GroceryHub
1692,2024-06-26,Delhi,Chicken 1kg,Poultry,3,100.0,300.0,73,4.7,Card,Standard,FreshFarm
1694,2024-06-05,Jaipur,Bread 400g,Fruits,2,100.0,200.0,47,4.8,UPI,Standard,BakeHouse
1695,2024-03-30,Mumbai,Namkeen 500g,Dairy,4,45.0,180.0,74,4.2,Cash,Express,FreshFarm
1696,2024-03-08,Delhi,Milk 1L,Vegetables,2,60.0,120.0,34,4.5,UPI,Standard,GreenCart
1697,2024-06-08,Mumbai,Bun 2pcs,Vegetables,4,70.0,280.0,42,4.0,Cash,Standard,SnackBox
1698,2024-06-20,Delhi,Cookies 300g,Vegetables,2,60.0,120.0,52,4.5,UPI,Standard,SnackBox
1699,2024-04-18,Pune,Bread 400g,Dairy,4,60.0,240.0,25,4.0,Cash,Standard,FarmFresh
1700,2024-01-28,Delhi,Chips 200g,Bakery,4,80.0,320.0,89,4.7,UPI,Standard,GreenCart
1701,2024-04-06,Pune,Onion 1kg,Dairy,2,30.0,60.0,88,4.0,UPI,Standard,FarmFresh
1702,2024-06-04,Bengaluru,Banana 1dozen,Vegetables,5,100.0,500.0,75,4.2,UPI,Express,BakeHouse
1703,2024-03-08,Delhi,Banana 1dozen,Snacks,1,70.0,70.0,69,4.7,Cash,Express,SnackBox
1704,2024-05-30,Bengaluru,Orange 1kg,Dairy,3,85.0,255.0,72,4.7,UPI,Standard,FreshFarm
1705,2024-02-06,Mumbai,Cookies 300g,Vegetables,2,40.0,80.0,81,4.5,Cash,Standard,GreenCart
1706,2024-06-13,Delhi,Chips 200g,Grocery,1,80.0,80.0,38,4.8,Cash,Standard,FarmFresh
1707,2024-04-15,Jaipur,Paneer 200g,Snacks,1,45.0,45.0,28,4.5,UPI,Express,SnackBox
1708,2024-04-22,Delhi,Bun 2pcs,Vegetables,4,40.0,160.0,26,4.2,UPI,Standard,GreenCart
1709,2024-05-17,Mumbai,Onion 1kg,Poultry,4,60.0,240.0,89,4.8,Card,Express,SnackBox
1710,2024-05-22,Pune,Cake 500g,Grocery,3,50.0,150.0,41,3.5,UPI,Express,FreshFarm
1711,2024-03-01,Mumbai,Orange 1kg,Poultry,4,50.0,200.0,73,4.7,Card,Express,GreenCart
1712,2024-05-08,Delhi,Wheat Flour 1kg,Vegetables,3,100.0,300.0,53,4.9,Card,Express,FreshFarm
1714,2024-03-14,Jaipur,Chicken 1kg,Dairy,5,100.0,500.0,77,3.5,UPI,Express,GroceryHub
1716,2024-05-16,Delhi,Chips 200g,Fruits,4,100.0,400.0,39,4.7,UPI,Standard,FreshFarm
1717,2024-06-19,Bengaluru,Cake 500g,Poultry,3,60.0,180.0,83,3.5,Cash,Express,FreshFarm
1718,2024-02-11,Bengaluru,Wheat Flour 1kg,Dairy,5,60.0,300.0,68,4.8,UPI,Express,BakeHouse
1719,2024-05-25,Delhi,Rice 1kg,Fruits,3,80.0,240.0,67,4.9,Cash,Standard,FreshFarm
1720,2024-06-01,Bengaluru,Cake 500g,Vegetables,3,50.0,150.0,47,3.5,UPI,Standard,FreshFarm
1721,2024-04-13,Delhi,Banana 1dozen,Poultry,5,30.0,150.0,80,4.2,Cash,Standard,FarmFresh
1722,2024-03-08,Jaipur,Onion 1kg,Poultry,5,55.0,275.0,59,4.0,UPI,Standard,SnackBox
1723,2024-06-04,Pune,Bread 400g,Snacks,1,50.0,50.0,79,4.8,UPI,Standard,GreenCart
1724,2024-03-26,Delhi,Chips 200g,Dairy,5,30.0,150.0,49,3.5,Cash,Express,FreshFarm
1725,2024-06-23,Bengaluru,Orange 1kg,Vegetables,3,70.0,210.0,41,4.8,UPI,Standard,GroceryHub
1726,2024-06-06,Bengaluru,Eggs 6pcs,Fruits,2,45.0,90.0,37,4.5,Cash,Standard,BakeHouse
1727,2024-02-26,Bengaluru,Chicken 1kg,Grocery,5,40.0,200.0,36,4.5,UPI,Express,BakeHouse
1728,2024-03-26,Bengaluru,Bread 400g,Snacks,1,60.0,60.0,27,4.7,UPI,Standard,GroceryHub
1729,2024-05-12,Delhi,Bun 2pcs,Poultry,3,60.0,180.0,35,4.8,Cash,Standard,GroceryHub
1730,2024-01-10,Jaipur,Tomato 1kg,Poultry,3,85.0,255.0,61,3.5,UPI,Standard,BakeHouse
1731,2024-02-13,Delhi,Cake 500g,Grocery,5,60.0,300.0,31,4.5,UPI,Express,FarmFresh
1732,2024-02-04,Bengaluru,Chicken 1kg,Poultry,3,60.0,180.0,85,4.8,Cash,Express,FarmFresh
1733,2024-03-18,Pune,Cake 500g,Grocery,2,85.0,170.0,34,4.5,Cash,Express,GroceryHub
1734,2024-03-07,Delhi,Milk 1L,Dairy,5,85.0,425.0,55,4.9,UPI,Express,GreenCart
1735,2024-03-27,Delhi,Chicken 1kg,Dairy,2,50.0,100.0,90,4.2,Cash,Express,BakeHouse
1736,2024-03-24,Jaipur,Bun 2pcs,Dairy,3,40.0,120.0,45,4.8,Cash,Standard,FreshFarm
1738,2024-04-06,Bengaluru,Bun 2pcs,Dairy,3,30.0,90.0,34,4.8,Cash,Standard,FarmFresh
1739,2024-06-15,Bengaluru,Onion 1kg,Grocery,4,80.0,320.0,60,4.5,UPI,Express,GreenCart
1740,2024-06-03,Bengaluru,Tomato 1kg,Grocery,2,100.0,200.0,86,4.0,UPI,Express,BakeHouse
1741,2024-02-26,Delhi,Milk 1L,Snacks,5,100.0,500.0,77,4.5,Cash,Express,GreenCart
1742,2024-04-03,Delhi,Onion 1kg,Grocery,5,30.0,150.0,28,4.8,UPI,Express,FreshFarm
1743,2024-04-22,Jaipur,Onion 1kg,Grocery,1,40.0,40.0,90,4.5,UPI,Express,GroceryHub
1744,2024-05-19,Delhi,Cookies 300g,Dairy,5,100.0,500.0,43,4.7,UPI,Express,FreshFarm
1745,2024-05-13,Pune,Potato 1kg,Poultry,1,100.0,100.0,28,4.0,UPI,Standard,GroceryHub
1746,2024-04-15,Bengaluru,Potato 1kg,Bakery,4,30.0,120.0,60,3.5,Cash,Express,FreshFarm
1747,2024-05-17,Pune,Curd 500g,Dairy,5,80.0,400.0,51,4.2,Cash,Express,BakeHouse
1748,2024-03-08,Delhi,Namkeen 500g,Snacks,3,100.0,300.0,81,4.7,UPI,Standard,FarmFresh
1749,2024-06-25,Bengaluru,Bread 400g,Vegetables,1,50.0,50.0,77,4.9,Card,Express,FreshFarm
1750,2024-04-26,Jaipur,Curd 500g,Grocery,1,30.0,30.0,32,4.5,UPI,Standard,FarmFresh
1751,2024-04-19,Pune,Bun 2pcs,Grocery,4,45.0,180.0,87,4.5,UPI,Express,FreshFarm
1752,2024-06-20,Pune,Chips 200g,Grocery,2,50.0,100.0,27,4.7,UPI,Standard,SnackBox
1753,2024-06-12,Jaipur,Curd 500g,Dairy,3,50.0,150.0,56,4.2,UPI,Standard,SnackBox
1754,2024-04-30,Delhi,Paneer 200g,Bakery,4,50.0,200.0,35,4.7,Cash,Express,FreshFarm
1755,2024-05-17,Bengaluru,Potato 1kg,Snacks,3,40.0,120.0,66,4.9,UPI,Standard,GroceryHub
1756,2024-05-16,Bengaluru,Wheat Flour 1kg,Poultry,5,60.0,300.0,56,4.7,Cash,Standard,FreshFarm
1757,2024-06-03,Bengaluru,Bun 2pcs,Snacks,4,30.0,120.0,63,4.5,UPI,Express,GroceryHub
1758,2024-06-27,Pune,Potato 1kg,Grocery,5,60.0,300.0,46,4.8,UPI,Express,BakeHouse
1759,2024-02-10,Jaipur,Cake 500g,Dairy,3,45.0,135.0,78,4.7,UPI,Express,SnackBox
1760,2024-03-04,Delhi,Cake 500g,Grocery,5,80.0,400.0,86,4.5,Cash,Express,GroceryHub
1761,2024-04-06,Delhi,Rice 1kg,Grocery,5,45.0,225.0,51,4.5,UPI,Standard,GroceryHub
1762,2024-05-22,Mumbai,Paneer 200g,Fruits,4,100.0,400.0,71,3.5,Cash,Standard,FreshFarm
1763,2024-02-29,Bengaluru,Rice 1kg,Grocery,2,30.0,60.0,66,4.7,Cash,Standard,BakeHouse
1764,2024-02-18,Delhi,Tomato 1kg,Grocery,4,55.0,220.0,25,4.5,Cash,Standard,GroceryHub
1765,2024-02-05,Bengaluru,Chips 200g,Dairy,5,45.0,225.0,25,4.9,Cash,Express,SnackBox
1766,2024-02-12,Delhi,Chips 200g,Vegetables,2,100.0,200.0,63,4.5,Cash,Express,FreshFarm
1767,2024-05-21,Mumbai,Onion 1kg,Bakery,2,45.0,90.0,52,4.9,UPI,Express,SnackBox
1768,2024-05-19,Delhi,Namkeen 500g,Dairy,4,70.0,280.0,42,4.0,Card,Standard,FarmFresh
1769,2024-04-14,Jaipur,Wheat Flour 1kg,Dairy,1,50.0,50.0,82,4.7,Card,Express,GroceryHub
1770,2024-02-03,Bengaluru,Curd 500g,Dairy,5,80.0,400.0,26,4.9,Card,Standard,FarmFresh
1771,2024-05-16,Pune,Potato 1kg,Vegetables,3,30.0,90.0,57,3.5,Cash,Standard,GreenCart
1772,2024-02-01,Delhi,Potato 1kg,Poultry,5,80.0,400.0,36,4.5,UPI,Standard,FreshFarm
1774,2024-03-24,Bengaluru,Curd 500g,Bakery,2,70.0,140.0,35,4.2,Cash,Express,GroceryHub
1775,2024-06-17,Delhi,Bun 2pcs,Poultry,2,55.0,110.0,79,4.5,Cash,Standard,GreenCart
1776,2024-04-18,Mumbai,Paneer 200g,Vegetables,2,30.0,60.0,60,4.5,UPI,Express,FarmFresh
1777,2024-06-15,Jaipur,Curd 500g,Bakery,5,60.0,300.0,76,4.9,Cash,Express,GroceryHub
1778,2024-05-13,Delhi,Bread 400g,Bakery,2,50.0,100.0,33,4.2,Card,Standard,GreenCart
1780,2024-04-10,Jaipur,Rice 1kg,Vegetables,3,40.0,120.0,27,4.5,Cash,Express,GroceryHub
1781,2024-02-05,Bengaluru,Namkeen 500g,Fruits,4,55.0,220.0,39,4.0,UPI,Express,FarmFresh
1782,2024-03-25,Bengaluru,Chips 200g,Poultry,2,100.0,200.0,74,4.0,UPI,Standard,SnackBox
1783,2024-03-07,Mumbai,Milk 1L,Grocery,4,55.0,220.0,78,4.5,UPI,Standard,SnackBox
1784,2024-04-16,Bengaluru,Banana 1dozen,Grocery,1,60.0,60.0,33,4.0,UPI,Standard,GroceryHub
1785,2024-05-06,Bengaluru,Banana 1dozen,Fruits,3,40.0,120.0,29,4.5,UPI,Standard,SnackBox
1786,2024-06-19,Pune,Tomato 1kg,Fruits,5,70.0,350.0,88,4.5,Cash,Standard,GreenCart
1787,2024-01-02,Bengaluru,Banana 1dozen,Snacks,4,30.0,120.0,78,4.2,UPI,Standard,GreenCart
1788,2024-03-22,Bengaluru,Cookies 300g,Poultry,3,80.0,240.0,78,4.5,Cash,Standard,FreshFarm
1789,2024-05-14,Pune,Chips 200g,Snacks,5,60.0,300.0,81,4.5,UPI,Express,GroceryHub
1791,2024-05-10,Bengaluru,Sugar 1kg,Dairy,4,45.0,180.0,45,4.5,UPI,Express,FreshFarm
1792,2024-05-13,Pune,Tomato 1kg,Grocery,3,30.0,90.0,72,4.9,Cash,Standard,FreshFarm
1793,2024-06-01,Bengaluru,Potato 1kg,Bakery,1,40.0,40.0,28,4.5,UPI,Express,GroceryHub
1794,2024-03-22,Delhi,Namkeen 500g,Vegetables,4,60.0,240.0,77,4.7,UPI,Express,GreenCart
1795,2024-02-18,Delhi,Potato 1kg,Grocery,3,85.0,255.0,45,4.5,Cash,Standard,GroceryHub
1796,2024-03-18,Jaipur,Milk 1L,Poultry,4,100.0,400.0,58,4.5,UPI,Express,FreshFarm
1797,2024-06-20,Delhi,Wheat Flour 1kg,Grocery,2,45.0,90.0,84,4.7,UPI,Express,SnackBox
1798,2024-04-17,Bengaluru,Namkeen 500g,Snacks,4,85.0,340.0,36,4.2,Cash,Express,SnackBox
1799,2024-04-25,Pune,Chicken 1kg,Grocery,4,85.0,340.0,52,4.5,UPI,Express,BakeHouse
1800,2024-05-14,Bengaluru,Chips 200g,Bakery,2,30.0,60.0,31,4.7,UPI,Express,FarmFresh
1802,2024-06-19,Mumbai,Bun 2pcs,Grocery,2,30.0,60.0,57,4.5,Cash,Standard,FreshFarm
1803,2024-01-16,Delhi,Cookies 300g,Poultry,4,55.0,220.0,50,4.2,UPI,Express,BakeHouse
1804,2024-05-26,Bengaluru,Eggs 6pcs,Poultry,1,30.0,30.0,90,4.5,Cash,Express,BakeHouse
1805,2024-05-22,Bengaluru,Potato 1kg,Dairy,1,60.0,60.0,25,3.5,Cash,Express,BakeHouse
1806,2024-06-04,Delhi,Milk 1L,Vegetables,1,80.0,80.0,82,4.5,UPI,Standard,GreenCart
1807,2024-05-18,Jaipur,Onion 1kg,Vegetables,5,70.0,350.0,79,4.5,Cash,Express,FreshFarm
1808,2024-04-11,Pune,Chips 200g,Grocery,2,100.0,200.0,63,4.9,UPI,Express,FarmFresh
1809,2024-05-08,Pune,Cake 500g,Fruits,5,55.0,275.0,43,3.5,UPI,Express,GroceryHub
1810,2024-06-28,Delhi,Paneer 200g,Grocery,2,80.0,160.0,40,4.0,Cash,Standard,BakeHouse
1811,2024-03-21,Delhi,Chips 200g,Dairy,3,50.0,150.0,54,4.7,Cash,Standard,GreenCart
1812,2024-05-03,Jaipur,Apple 1kg,Snacks,5,85.0,425.0,35,4.2,UPI,Express,GroceryHub
1813,2024-05-04,Delhi,Potato 1kg,Dairy,2,85.0,170.0,53,3.5,Card,Standard,GreenCart
1814,2024-04-18,Bengaluru,Cake 500g,Poultry,4,100.0,400.0,59,4.2,Cash,Express,SnackBox
1815,2024-01-17,Jaipur,Onion 1kg,Bakery,5,55.0,275.0,60,3.5,Card,Standard,GroceryHub
1816,2024-04-14,Delhi,Eggs 6pcs,Grocery,3,60.0,180.0,51,4.2,Cash,Express,GroceryHub
1817,2024-02-09,Bengaluru,Bread 400g,Fruits,2,30.0,60.0,79,4.5,Card,Standard,SnackBox
1819,2024-05-22,Bengaluru,Tomato 1kg,Dairy,3,70.0,210.0,68,4.0,Cash,Standard,GreenCart
1820,2024-06-12,Mumbai,Rice 1kg,Grocery,1,80.0,80.0,28,4.5,UPI,Express,FarmFresh
1821,2024-01-09,Mumbai,Bread 400g,Snacks,5,80.0,400.0,56,4.0,Cash,Standard,BakeHouse
1822,2024-01-25,Delhi,Banana 1dozen,Grocery,1,100.0,100.0,46,4.5,UPI,Standard,BakeHouse
1823,2024-05-05,Delhi,Apple 1kg,Dairy,4,30.0,120.0,49,4.5,Cash,Standard,FarmFresh
1824,2024-05-19,Pune,Bun 2pcs,Bakery,5,30.0,150.0,85,4.8,Card,Standard,GreenCart
1825,2024-01-20,Delhi,Cake 500g,Fruits,3,85.0,255.0,62,4.7,UPI,Standard,FarmFresh
1826,2024-03-14,Delhi,Tomato 1kg,Poultry,1,85.0,85.0,56,4.5,Card,Standard,FarmFresh
1827,2024-03-08,Jaipur,Eggs 6pcs,Vegetables,4,80.0,320.0,41,4.0,UPI,Standard,GreenCart
1828,2024-05-21,Jaipur,Curd 500g,Grocery,4,80.0,320.0,50,4.5,UPI,Standard,SnackBox
1829,2024-02-09,Delhi,Sugar 1kg,Grocery,1,45.0,45.0,53,4.7,Cash,Standard,FreshFarm
1832,2024-01-23,Delhi,Banana 1dozen,Bakery,1,70.0,70.0,78,4.0,UPI,Express,FarmFresh
1834,2024-06-04,Delhi,Eggs 6pcs,Fruits,1,55.0,55.0,56,4.5,Cash,Standard,GreenCart
1835,2024-02-20,Pune,Banana 1dozen,Grocery,2,30.0,60.0,69,4.9,Cash,Standard,BakeHouse
1836,2024-02-10,Delhi,Bread 400g,Dairy,5,80.0,400.0,37,4.0,UPI,Express,GroceryHub
1837,2024-04-05,Bengaluru,Bun 2pcs,Dairy,2,45.0,90.0,74,4.7,UPI,Express,GreenCart
1838,2024-01-25,Jaipur,Cookies 300g,Dairy,2,55.0,110.0,57,4.5,Card,Standard,FreshFarm
1839,2024-01-05,Bengaluru,Chicken 1kg,Bakery,5,100.0,500.0,80,4.5,UPI,Standard,GreenCart
1840,2024-02-24,Jaipur,Eggs 6pcs,Vegetables,3,80.0,240.0,69,4.8,Cash,Standard,BakeHouse
1841,2024-02-04,Mumbai,Tomato 1kg,Bakery,4,80.0,320.0,33,4.5,UPI,Express,FarmFresh
1842,2024-03-28,Bengaluru,Namkeen 500g,Grocery,5,30.0,150.0,68,4.2,Cash,Standard,GreenCart
1843,2024-04-05,Bengaluru,Potato 1kg,Snacks,1,70.0,70.0,82,4.8,UPI,Express,SnackBox
1844,2024-05-15,Bengaluru,Milk 1L,Grocery,5,30.0,150.0,67,4.5,UPI,Standard,GroceryHub
1845,2024-01-07,Pune,Bun 2pcs,Grocery,5,85.0,425.0,52,4.5,UPI,Express,FreshFarm
1846,2024-02-19,Delhi,Milk 1L,Grocery,2,70.0,140.0,54,4.5,Card,Express,GroceryHub
1847,2024-01-03,Mumbai,Apple 1kg,Dairy,5,85.0,425.0,87,4.8,Card,Express,FarmFresh
1848,2024-01-13,Bengaluru,Namkeen 500g,Snacks,4,45.0,180.0,44,3.5,UPI,Standard,FarmFresh
1849,2024-03-20,Bengaluru,Tomato 1kg,Snacks,4,45.0,180.0,33,4.5,UPI,Standard,FreshFarm
1850,2024-02-11,Bengaluru,Rice 1kg,Poultry,3,30.0,90.0,79,4.5,UPI,Express,SnackBox
1851,2024-04-25,Jaipur,Chips 200g,Bakery,4,50.0,200.0,65,3.5,Cash,Standard,GreenCart
1852,2024-02-03,Bengaluru,Rice 1kg,Dairy,1,45.0,45.0,65,4.5,Card,Standard,GroceryHub
1853,2024-03-14,Delhi,Cake 500g,Fruits,3,45.0,135.0,73,4.8,Cash,Standard,SnackBox
1854,2024-03-01,Pune,Bun 2pcs,Bakery,3,85.0,255.0,60,4.0,Cash,Standard,FarmFresh
1856,2024-01-15,Delhi,Chips 200g,Bakery,4,40.0,160.0,87,4.8,Cash,Express,GreenCart
1857,2024-05-19,Jaipur,Tomato 1kg,Bakery,4,60.0,240.0,35,3.5,UPI,Standard,FarmFresh
1858,2024-04-07,Bengaluru,Eggs 6pcs,Poultry,2,45.0,90.0,90,4.5,Cash,Standard,SnackBox
1859,2024-03-01,Bengaluru,Cookies 300g,Poultry,4,50.0,200.0,77,3.5,Cash,Express,FarmFresh
1861,2024-04-20,Bengaluru,Tomato 1kg,Poultry,5,100.0,500.0,63,4.5,UPI,Standard,SnackBox
1862,2024-04-16,Jaipur,Potato 1kg,Dairy,2,70.0,140.0,46,3.5,UPI,Express,FarmFresh
1863,2024-04-16,Jaipur,Tomato 1kg,Poultry,1,45.0,45.0,71,4.5,UPI,Standard,FreshFarm
1864,2024-06-20,Mumbai,Eggs 6pcs,Poultry,5,55.0,275.0,41,4.5,UPI,Express,FreshFarm
1865,2024-03-12,Delhi,Milk 1L,Grocery,4,60.0,240.0,78,4.2,UPI,Express,FreshFarm
1866,2024-05-25,Pune,Eggs 6pcs,Poultry,1,45.0,45.0,54,4.5,Card,Express,FreshFarm
1867,2024-06-08,Mumbai,Cookies 300g,Dairy,1,70.0,70.0,59,4.9,UPI,Express,FreshFarm
1868,2024-03-22,Bengaluru,Chicken 1kg,Grocery,2,100.0,200.0,87,4.2,Cash,Standard,GroceryHub
1869,2024-03-28,Delhi,Rice 1kg,Vegetables,5,100.0,500.0,31,4.5,UPI,Express,FarmFresh
1870,2024-03-26,Pune,Apple 1kg,Vegetables,2,50.0,100.0,26,4.0,UPI,Express,GreenCart
1871,2024-03-02,Mumbai,Potato 1kg,Dairy,2,60.0,120.0,27,4.7,Card,Express,FarmFresh
1872,2024-04-02,Delhi,Apple 1kg,Dairy,3,80.0,240.0,66,4.7,Cash,Express,FarmFresh
1873,2024-03-12,Jaipur,Milk 1L,Grocery,5,80.0,400.0,34,4.2,Card,Standard,BakeHouse
1875,2024-04-15,Mumbai,Wheat Flour 1kg,Bakery,4,85.0,340.0,66,4.5,Cash,Standard,GroceryHub
1876,2024-02-10,Pune,Onion 1kg,Grocery,1,55.0,55.0,48,4.0,Cash,Express,BakeHouse
1877,2024-01-30,Mumbai,Chicken 1kg,Dairy,4,70.0,280.0,30,4.7,Cash,Standard,BakeHouse
1878,2024-05-16,Jaipur,Apple 1kg,Fruits,3,85.0,255.0,86,4.9,Cash,Standard,SnackBox
1879,2024-04-18,Pune,Paneer 200g,Vegetables,2,70.0,140.0,42,4.8,UPI,Standard,GroceryHub
1880,2024-06-08,Bengaluru,Namkeen 500g,Dairy,5,85.0,425.0,82,4.2,Cash,Standard,GroceryHub
1881,2024-01-24,Pune,Bun 2pcs,Bakery,5,100.0,500.0,51,4.8,Cash,Standard,FreshFarm
1882,2024-03-17,Mumbai,Cookies 300g,Vegetables,4,60.0,240.0,54,4.5,Card,Standard,FreshFarm
1883,2024-04-03,Delhi,Bread 400g,Dairy,2,55.0,110.0,79,4.5,UPI,Standard,GroceryHub
1884,2024-04-02,Bengaluru,Paneer 200g,Snacks,5,50.0,250.0,61,4.9,UPI,Express,FarmFresh
1885,2024-03-02,Bengaluru,Bread 400g,Bakery,4,55.0,220.0,27,4.2,Cash,Express,FreshFarm
1886,2024-05-21,Delhi,Potato 1kg,Grocery,2,60.0,120.0,33,4.5,Cash,Standard,BakeHouse
1887,2024-06-13,Delhi,Curd 500g,Grocery,5,30.0,150.0,68,4.5,Card,Express,GroceryHub
1888,2024-04-13,Jaipur,Onion 1kg,Dairy,3,45.0,135.0,50,4.8,Cash,Express,GroceryHub
1889,2024-01-30,Bengaluru,Apple 1kg,Snacks,1,70.0,70.0,41,4.2,Card,Standard,FreshFarm
1890,2024-02-26,Pune,Sugar 1kg,Snacks,5,80.0,400.0,78,4.0,Cash,Standard,GroceryHub
1891,2024-06-26,Jaipur,Cake 500g,Bakery,2,30.0,60.0,64,4.2,UPI,Express,FarmFresh
1892,2024-04-18,Delhi,Bread 400g,Fruits,2,60.0,120.0,27,4.5,UPI,Express,BakeHouse
1893,2024-04-09,Pune,Namkeen 500g,Grocery,3,55.0,165.0,25,4.0,Card,Standard,FarmFresh
1894,2024-05-06,Pune,Rice 1kg,Bakery,5,40.0,200.0,59,4.5,Cash,Express,SnackBox
1895,2024-02-18,Bengaluru,Cake 500g,Fruits,5,85.0,425.0,88,4.7,Cash,Standard,SnackBox
1896,2024-02-29,Mumbai,Cookies 300g,Dairy,5,100.0,500.0,84,4.5,UPI,Express,GroceryHub
1897,2024-01-26,Delhi,Bread 400g,Bakery,3,55.0,165.0,84,4.0,Cash,Standard,FarmFresh
1898,2024-04-02,Delhi,Paneer 200g,Grocery,5,80.0,400.0,58,4.5,Cash,Standard,GroceryHub
1899,2024-04-21,Bengaluru,Bun 2pcs,Dairy,2,55.0,110.0,26,4.5,Cash,Standard,BakeHouse
1900,2024-02-10,Delhi,Bread 400g,Dairy,5,55.0,275.0,54,4.5,Card,Standard,GroceryHub
1901,2024-04-16,Bengaluru,Apple 1kg,Dairy,3,85.0,255.0,69,4.9,UPI,Express,GreenCart
1902,2024-03-19,Delhi,Milk 1L,Grocery,3,45.0,135.0,62,4.2,UPI,Express,BakeHouse
1903,2024-04-23,Bengaluru,Cake 500g,Snacks,2,55.0,110.0,51,4.7,UPI,Standard,BakeHouse
1905,2024-01-25,Jaipur,Banana 1dozen,Fruits,2,100.0,200.0,87,4.2,UPI,Standard,GroceryHub
1906,2024-01-16,Mumbai,Bread 400g,Bakery,4,45.0,180.0,77,4.0,Cash,Standard,FreshFarm
1907,2024-01-26,Jaipur,Cookies 300g,Dairy,5,80.0,400.0,40,4.7,Cash,Standard,BakeHouse
1909,2024-05-04,Jaipur,Wheat Flour 1kg,Poultry,5,45.0,225.0,27,4.5,UPI,Standard,GreenCart
1910,2024-02-12,Delhi,Eggs 6pcs,Dairy,4,55.0,220.0,81,4.0,Cash,Express,GreenCart
1911,2024-01-12,Bengaluru,Curd 500g,Grocery,2,80.0,160.0,39,4.8,Cash,Standard,FarmFresh
1912,2024-05-11,Pune,Paneer 200g,Fruits,4,60.0,240.0,40,4.7,UPI,Express,SnackBox
1913,2024-04-15,Delhi,Potato 1kg,Fruits,1,80.0,80.0,28,3.5,Cash,Standard,FreshFarm
1914,2024-03-21,Bengaluru,Bun 2pcs,Vegetables,2,70.0,140.0,74,4.8,Cash,Standard,BakeHouse
1915,2024-02-22,Delhi,Tomato 1kg,Poultry,4,50.0,200.0,65,4.0,UPI,Express,SnackBox
1916,2024-04-07,Bengaluru,Rice 1kg,Bakery,2,60.0,120.0,43,4.5,Cash,Express,BakeHouse
1917,2024-04-08,Pune,Sugar 1kg,Snacks,3,55.0,165.0,85,4.5,UPI,Express,BakeHouse
1918,2024-03-19,Delhi,Eggs 6pcs,Grocery,5,70.0,350.0,28,4.5,Cash,Express,GreenCart
1919,2024-03-05,Bengaluru,Paneer 200g,Grocery,3,60.0,180.0,25,4.5,Cash,Standard,FarmFresh
1920,2024-01-06,Delhi,Onion 1kg,Vegetables,2,60.0,120.0,67,4.0,Card,Standard,SnackBox
1922,2024-02-29,Jaipur,Cookies 300g,Fruits,3,85.0,255.0,78,4.8,Cash,Express,GroceryHub
1924,2024-06-04,Delhi,Curd 500g,Bakery,3,60.0,180.0,51,4.2,Cash,Express,GreenCart
1925,2024-05-24,Jaipur,Chicken 1kg,Dairy,4,30.0,120.0,48,4.5,UPI,Express,FarmFresh
1926,2024-04-21,Delhi,Apple 1kg,Bakery,2,50.0,100.0,69,3.5,Cash,Express,BakeHouse
1927,2024-05-19,Bengaluru,Eggs 6pcs,Fruits,1,50.0,50.0,51,4.0,UPI,Express,GreenCart
1928,2024-04-24,Delhi,Namkeen 500g,Grocery,5,100.0,500.0,34,4.5,Cash,Express,GroceryHub
1929,2024-03-05,Bengaluru,Cake 500g,Bakery,4,40.0,160.0,40,4.8,Cash,Express,FarmFresh
1930,2024-03-17,Mumbai,Rice 1kg,Snacks,4,30.0,120.0,47,4.5,Cash,Express,SnackBox
1931,2024-05-07,Pune,Bun 2pcs,Bakery,1,70.0,70.0,67,4.7,Card,Standard,SnackBox
1932,2024-05-13,Bengaluru,Eggs 6pcs,Grocery,4,30.0,120.0,26,4.7,Card,Express,BakeHouse
1933,2024-05-30,Delhi,Paneer 200g,Vegetables,1,50.0,50.0,35,4.5,Cash,Standard,FarmFresh
1934,2024-05-06,Mumbai,Eggs 6pcs,Fruits,4,85.0,340.0,58,4.5,Cash,Standard,FarmFresh
1935,2024-03-06,Mumbai,Chicken 1kg,Fruits,3,60.0,180.0,87,3.5,Cash,Express,FarmFresh
1936,2024-05-13,Delhi,Banana 1dozen,Snacks,4,50.0,200.0,88,4.5,UPI,Standard,SnackBox
1937,2024-05-07,Bengaluru,Tomato 1kg,Bakery,2,80.0,160.0,59,4.5,UPI,Express,FarmFresh
1938,2024-05-07,Pune,Chicken 1kg,Snacks,4,55.0,220.0,72,4.9,Cash,Express,SnackBox
1939,2024-02-19,Mumbai,Paneer 200g,Poultry,2,40.0,80.0,78,4.5,Cash,Standard,FarmFresh
1940,2024-01-11,Delhi,Sugar 1kg,Grocery,3,50.0,150.0,63,4.0,Cash,Express,GreenCart
1941,2024-02-09,Delhi,Rice 1kg,Snacks,1,55.0,55.0,58,3.5,Cash,Express,GroceryHub
1942,2024-06-24,Bengaluru,Milk 1L,Fruits,3,100.0,300.0,43,4.2,UPI,Express,GroceryHub
1943,2024-01-17,Delhi,Cake 500g,Grocery,4,85.0,340.0,90,4.5,UPI,Express,FarmFresh
1944,2024-03-25,Mumbai,Sugar 1kg,Fruits,5,85.0,425.0,77,4.0,Cash,Express,BakeHouse
1945,2024-05-17,Delhi,Cookies 300g,Bakery,2,40.0,80.0,88,4.8,Cash,Express,GreenCart
1946,2024-02-19,Bengaluru,Chips 200g,Poultry,4,100.0,400.0,74,4.5,Cash,Standard,GreenCart
1947,2024-06-01,Bengaluru,Bread 400g,Fruits,1,55.0,55.0,67,4.5,UPI,Express,FarmFresh
1948,2024-04-28,Delhi,Bun 2pcs,Fruits,3,100.0,300.0,81,4.7,UPI,Standard,BakeHouse
1949,2024-04-28,Pune,Tomato 1kg,Fruits,2,100.0,200.0,56,4.2,Card,Standard,FarmFresh
1950,2024-02-22,Delhi,Eggs 6pcs,Dairy,4,85.0,340.0,53,4.5,Cash,Standard,GroceryHub
1951,2024-01-12,Mumbai,Orange 1kg,Dairy,5,40.0,200.0,43,4.7,Cash,Standard,FreshFarm
1952,2024-05-14,Delhi,Cookies 300g,Poultry,1,70.0,70.0,56,4.7,Cash,Standard,GroceryHub
1953,2024-04-05,Bengaluru,Sugar 1kg,Fruits,4,45.0,180.0,46,4.2,Card,Standard,GroceryHub
1954,2024-04-10,Mumbai,Cookies 300g,Grocery,3,60.0,180.0,58,4.0,Card,Standard,FarmFresh
1955,2024-06-11,Bengaluru,Cake 500g,Dairy,3,45.0,135.0,27,4.0,Cash,Express,FarmFresh
1956,2024-03-17,Pune,Rice 1kg,Grocery,4,55.0,220.0,77,4.9,Cash,Express,BakeHouse
1957,2024-04-27,Jaipur,Eggs 6pcs,Dairy,2,70.0,140.0,63,4.7,UPI,Standard,SnackBox
1959,2024-03-18,Delhi,Milk 1L,Dairy,2,40.0,80.0,33,4.0,Cash,Express,GroceryHub
1960,2024-02-05,Pune,Potato 1kg,Snacks,3,40.0,120.0,45,3.5,UPI,Standard,GreenCart
1961,2024-01-31,Mumbai,Eggs 6pcs,Grocery,3,45.0,135.0,84,4.8,Card,Express,BakeHouse
1962,2024-03-18,Delhi,Cake 500g,Grocery,3,100.0,300.0,51,4.8,UPI,Standard,GreenCart
1963,2024-01-06,Jaipur,Milk 1L,Bakery,3,40.0,120.0,65,3.5,Cash,Express,GroceryHub
1964,2024-03-30,Pune,Apple 1kg,Fruits,4,50.0,200.0,86,4.5,Card,Express,FarmFresh
1965,2024-04-19,Bengaluru,Cookies 300g,Poultry,1,55.0,55.0,58,4.5,UPI,Standard,FarmFresh
1966,2024-03-10,Delhi,Potato 1kg,Poultry,2,30.0,60.0,39,4.7,UPI,Express,GroceryHub
1967,2024-04-01,Bengaluru,Curd 500g,Snacks,1,100.0,100.0,45,4.0,Cash,Express,SnackBox
1968,2024-05-29,Bengaluru,Cake 500g,Grocery,2,100.0,200.0,29,3.5,UPI,Express,SnackBox
1969,2024-06-07,Jaipur,Chips 200g,Grocery,1,70.0,70.0,35,3.5,Card,Express,SnackBox
1970,2024-05-17,Bengaluru,Curd 500g,Grocery,5,50.0,250.0,59,4.5,UPI,Standard,GroceryHub
1971,2024-05-29,Mumbai,Bread 400g,Dairy,1,50.0,50.0,78,4.7,UPI,Express,GroceryHub
1972,2024-03-03,Delhi,Tomato 1kg,Vegetables,4,100.0,400.0,86,4.2,Cash,Express,GreenCart
1973,2024-05-03,Bengaluru,Orange 1kg,Grocery,4,85.0,340.0,80,4.7,UPI,Express,SnackBox
1974,2024-05-06,Delhi,Orange 1kg,Snacks,5,60.0,300.0,68,4.8,Card,Express,GroceryHub
1975,2024-06-19,Jaipur,Banana 1dozen,Grocery,5,50.0,250.0,38,4.5,Card,Standard,BakeHouse
1976,2024-01-25,Jaipur,Eggs 6pcs,Bakery,4,100.0,400.0,65,4.8,Card,Standard,GreenCart
1977,2024-03-27,Bengaluru,Chicken 1kg,Vegetables,1,55.0,55.0,78,4.8,Cash,Express,SnackBox
1978,2024-02-18,Bengaluru,Milk 1L,Dairy,3,100.0,300.0,29,4.2,UPI,Standard,SnackBox
1979,2024-04-16,Bengaluru,Sugar 1kg,Grocery,2,80.0,160.0,38,4.7,UPI,Express,BakeHouse
1980,2024-05-29,Pune,Namkeen 500g,Dairy,2,100.0,200.0,90,4.0,Cash,Standard,FreshFarm
1981,2024-01-14,Mumbai,Wheat Flour 1kg,Dairy,4,55.0,220.0,27,4.5,Cash,Standard,FreshFarm
1982,2024-04-14,Jaipur,Apple 1kg,Dairy,4,85.0,340.0,65,4.2,UPI,Standard,GreenCart
1983,2024-03-25,Mumbai,Curd 500g,Vegetables,5,80.0,400.0,90,4.5,Cash,Express,BakeHouse
1984,2024-03-26,Delhi,Orange 1kg,Poultry,3,70.0,210.0,61,4.5,Card,Express,GreenCart
1985,2024-04-02,Mumbai,Onion 1kg,Snacks,4,100.0,400.0,28,4.0,Card,Standard,GreenCart
1986,2024-06-12,Delhi,Potato 1kg,Grocery,2,55.0,110.0,59,4.0,Cash,Standard,FreshFarm
1987,2024-01-29,Delhi,Rice 1kg,Poultry,5,100.0,500.0,65,4.5,Cash,Express,BakeHouse
1988,2024-06-08,Delhi,Chips 200g,Grocery,2,60.0,120.0,28,4.5,Card,Express,BakeHouse
1989,2024-06-28,Bengaluru,Bread 400g,Bakery,3,80.0,240.0,60,4.5,Cash,Express,BakeHouse
1990,2024-04-06,Delhi,Onion 1kg,Snacks,4,50.0,200.0,90,4.7,Card,Express,SnackBox
1991,2024-04-19,Mumbai,Paneer 200g,Dairy,3,30.0,90.0,57,4.8,UPI,Express,BakeHouse
1992,2024-05-25,Bengaluru,Milk 1L,Grocery,3,70.0,210.0,40,4.8,Card,Express,FarmFresh
1993,2024-02-16,Delhi,Eggs 6pcs,Grocery,4,55.0,220.0,52,3.5,Cash,Standard,FarmFresh
1994,2024-05-23,Bengaluru,Rice 1kg,Snacks,4,70.0,280.0,89,4.2,Card,Standard,GroceryHub
1995,2024-01-30,Bengaluru,Cookies 300g,Fruits,2,100.0,200.0,56,4.5,Card,Express,FarmFresh
1996,2024-02-01,Delhi,Potato 1kg,Dairy,2,80.0,160.0,81,4.0,Card,Standard,GreenCart
1997,2024-06-14,Bengaluru,Chips 200g,Grocery,2,40.0,80.0,53,4.5,UPI,Standard,FarmFresh
1998,2024-03-31,Delhi,Curd 500g,Grocery,1,100.0,100.0,81,4.7,Card,Express,BakeHouse
1999,2024-03-16,Bengaluru,Namkeen 500g,Bakery,3,85.0,255.0,39,4.2,UPI,Express,FreshFarm
2000,2024-06-05,Bengaluru,Rice 1kg,Grocery,3,40.0,120.0,47,4.5,UPI,Express,FreshFarm
